codigo_ibge,ano,veic_furtado,veic_roubado,veic_localizado,veic_subtraido,veic_moto,cel_furto,cel_roubo
3500105,2023,2,0,10,2,2,50,1
3500105,2024,5,0,7,5,5,34,0
3500105,2025,3,0,10,3,3,32,3
3500204,2023,2,0,1,2,1,5,0
3500204,2024,9,0,2,9,1,6,0
3500204,2025,0,0,0,0,0,5,0
3500303,2023,10,16,27,26,10,28,25
3500303,2024,15,42,24,57,4,30,32
3500303,2025,10,20,27,30,6,35,32
3500402,2023,3,2,2,5,1,3,0
3500402,2024,3,3,8,6,2,4,7
3500402,2025,6,3,8,9,3,7,2
3500501,2023,12,1,13,13,6,14,12
3500501,2024,23,3,23,26,8,26,1
3500501,2025,15,0,9,15,11,7,2
3500550,2023,3,0,4,3,1,9,0
3500550,2024,2,0,10,2,1,6,0
3500550,2025,3,0,2,3,1,12,0
3500600,2023,4,0,2,4,1,2,0
3500600,2024,0,0,2,0,0,3,0
3500600,2025,2,0,3,2,1,8,0
3500709,2023,19,2,48,21,12,44,28
3500709,2024,30,0,51,30,16,39,17
3500709,2025,14,0,27,14,8,59,6
3500758,2023,6,0,18,6,0,5,5
3500758,2024,8,3,2,11,1,6,4
3500758,2025,3,4,0,7,2,3,3
3500808,2023,2,0,0,2,1,4,0
3500808,2024,1,0,2,1,0,11,0
3500808,2025,1,0,0,1,1,1,0
3500907,2023,0,0,2,0,0,3,0
3500907,2024,1,0,1,1,0,0,0
3500907,2025,0,0,0,0,0,2,0
3501004,2023,10,14,39,24,9,17,32
3501004,2024,2,5,22,7,0,14,5
3501004,2025,4,4,14,8,4,7,3
3501103,2023,0,0,2,0,0,1,2
3501103,2024,1,0,0,1,1,0,0
3501103,2025,2,0,12,2,2,3,2
3501152,2023,17,13,37,30,5,23,20
3501152,2024,19,4,29,23,8,22,6
3501152,2025,27,0,24,27,19,24,7
3501202,2023,0,0,9,0,0,3,0
3501202,2024,2,0,5,2,2,5,0
3501202,2025,3,0,1,3,1,10,0
3501301,2023,5,0,15,5,4,25,0
3501301,2024,3,0,20,3,2,31,1
3501301,2025,5,0,16,5,2,36,1
3501400,2023,0,0,0,0,0,5,1
3501400,2024,1,0,3,1,0,2,0
3501400,2025,1,0,0,1,0,4,0
3501509,2023,0,0,8,0,0,1,0
3501509,2024,0,1,0,1,0,1,2
3501509,2025,0,0,4,0,0,3,0
3501608,2023,892,155,717,1047,122,788,272
3501608,2024,723,172,709,895,144,558,238
3501608,2025,535,86,420,621,85,409,188
3501707,2023,8,2,28,10,4,52,13
3501707,2024,22,6,28,28,3,26,16
3501707,2025,18,3,40,21,11,57,33
3501806,2023,6,0,1,6,3,0,0
3501806,2024,3,0,2,3,1,3,0
3501806,2025,2,0,0,2,1,2,0
3501905,2023,36,14,57,50,12,73,46
3501905,2024,33,9,49,42,6,281,41
3501905,2025,24,9,60,33,15,74,29
3502002,2023,1,3,7,4,2,7,3
3502002,2024,2,0,29,2,0,9,3
3502002,2025,1,2,21,3,1,2,0
3502101,2023,20,0,62,20,10,112,20
3502101,2024,22,0,70,22,13,95,15
3502101,2025,23,1,68,24,18,88,10
3502200,2023,15,0,19,15,12,22,0
3502200,2024,4,1,16,5,4,13,5
3502200,2025,8,4,18,12,1,19,5
3502309,2023,4,12,9,16,0,1,0
3502309,2024,1,2,17,3,0,8,0
3502309,2025,0,23,5,23,0,1,10
3502408,2023,3,0,1,3,2,0,0
3502408,2024,0,0,0,0,0,7,0
3502408,2025,0,0,8,0,0,1,0
3502507,2023,13,9,77,22,16,123,72
3502507,2024,28,14,46,42,32,118,87
3502507,2025,32,12,97,44,38,141,83
3502606,2023,0,0,0,0,0,4,0
3502606,2024,2,0,0,2,1,6,0
3502606,2025,0,0,2,0,0,6,0
3502705,2023,7,0,11,7,4,38,1
3502705,2024,12,2,10,14,9,24,3
3502705,2025,14,0,13,14,12,42,0
3502754,2023,12,87,166,99,10,30,80
3502754,2024,8,59,177,67,2,34,83
3502754,2025,12,64,172,76,6,36,83
3502804,2023,116,28,399,144,91,524,106
3502804,2024,91,8,263,99,66,421,120
3502804,2025,64,4,261,68,48,412,61
3502903,2023,26,27,62,53,5,61,38
3502903,2024,25,3,79,28,11,44,23
3502903,2025,29,5,49,34,10,34,4
3503000,2023,1,0,7,1,0,14,19
3503000,2024,0,0,8,0,0,10,6
3503000,2025,3,1,2,4,1,8,0
3503109,2023,0,0,2,0,0,3,0
3503109,2024,1,0,2,1,0,3,0
3503109,2025,2,0,3,2,0,0,1
3503158,2025,2,0,4,2,0,3,0
3503208,2023,256,35,352,291,109,491,165
3503208,2024,304,56,333,360,118,475,143
3503208,2025,182,25,273,207,74,471,143
3503307,2023,273,222,428,495,194,231,195
3503307,2024,165,153,430,318,131,187,168
3503307,2025,192,139,465,331,113,190,110
3503356,2023,0,0,0,0,0,4,0
3503356,2024,0,0,3,0,0,3,0
3503356,2025,1,0,0,1,1,1,0
3503406,2023,5,9,10,14,4,4,6
3503406,2024,6,5,4,11,6,3,0
3503406,2025,1,0,1,1,1,4,0
3503505,2023,0,0,0,0,0,1,0
3503505,2024,0,0,2,0,0,1,2
3503505,2025,0,1,2,1,0,7,1
3503604,2023,0,0,0,0,0,6,1
3503604,2024,2,1,14,3,3,11,6
3503604,2025,0,1,3,1,0,9,2
3503703,2023,0,0,5,0,0,4,0
3503703,2024,6,3,13,9,4,6,0
3503703,2025,10,0,2,10,1,9,0
3503802,2023,88,24,154,112,46,148,79
3503802,2024,90,26,81,116,35,93,38
3503802,2025,46,21,74,67,29,85,31
3503901,2023,125,229,501,354,89,116,433
3503901,2024,121,166,433,287,123,124,408
3503901,2025,100,173,514,273,124,111,269
3503950,2024,0,0,0,0,0,1,0
3504008,2023,70,11,452,81,42,230,64
3504008,2024,66,6,201,72,40,225,63
3504008,2025,32,3,158,35,24,180,30
3504107,2023,77,141,343,218,46,274,325
3504107,2024,62,101,605,163,45,224,200
3504107,2025,53,85,334,138,30,202,219
3504206,2023,1,1,5,2,1,20,3
3504206,2024,3,0,11,3,3,9,4
3504206,2025,2,0,4,2,2,24,3
3504305,2023,4,0,13,4,0,5,4
3504305,2024,0,0,3,0,0,6,0
3504305,2025,2,9,2,11,11,12,3
3504404,2023,3,0,19,3,2,11,2
3504404,2024,4,0,7,4,2,28,0
3504404,2025,6,0,6,6,2,6,1
3504503,2023,25,2,88,27,14,177,11
3504503,2024,34,4,95,38,18,202,12
3504503,2025,12,1,56,13,6,100,12
3504602,2023,12,6,27,18,5,22,5
3504602,2024,11,0,31,11,5,18,2
3504602,2025,13,5,26,18,8,16,3
3504701,2023,1,0,0,1,0,1,0
3504701,2024,0,0,2,0,0,0,0
3504800,2023,3,0,10,3,1,17,8
3504800,2024,4,0,18,4,0,28,5
3504800,2025,3,6,6,9,1,19,5
3504909,2023,0,0,0,0,0,3,1
3504909,2024,3,0,2,3,1,10,9
3504909,2025,2,1,2,3,2,3,0
3505005,2023,0,0,0,0,0,2,0
3505005,2024,4,0,3,4,1,0,0
3505104,2023,2,0,16,2,1,10,0
3505104,2024,3,0,3,3,1,17,0
3505104,2025,0,0,4,0,0,8,5
3505203,2023,24,0,44,24,6,80,9
3505203,2024,13,0,26,13,4,36,3
3505203,2025,12,3,25,15,5,44,5
3505302,2023,26,1,34,27,6,86,13
3505302,2024,15,2,39,17,12,55,14
3505302,2025,18,0,31,18,14,78,9
3505351,2023,2,0,1,2,0,1,0
3505351,2024,1,0,0,1,1,2,0
3505351,2025,0,1,0,1,0,5,0
3505401,2023,2,5,25,7,0,4,27
3505401,2024,1,6,16,7,0,5,6
3505401,2025,2,17,16,19,0,10,12
3505500,2023,66,19,336,85,36,759,97
3505500,2024,70,38,335,108,27,502,134
3505500,2025,86,10,192,96,40,351,60
3505609,2023,12,6,16,18,9,32,36
3505609,2024,15,8,13,23,7,26,11
3505609,2025,20,1,17,21,6,35,19
3505708,2023,415,208,1033,623,331,806,1152
3505708,2024,465,205,1049,670,323,809,648
3505708,2025,428,223,862,651,345,829,551
3505807,2023,5,2,10,7,4,20,0
3505807,2024,5,0,10,5,3,31,0
3505807,2025,7,1,10,8,0,11,0
3505906,2023,57,18,102,75,31,84,42
3505906,2024,56,9,84,65,17,84,25
3505906,2025,16,8,74,24,8,60,47
3506003,2023,198,41,1082,239,119,1039,429
3506003,2024,240,70,981,310,189,856,316
3506003,2025,241,22,979,263,130,828,183
3506102,2023,30,26,253,56,21,166,105
3506102,2024,47,7,223,54,25,116,49
3506102,2025,34,16,128,50,16,87,44
3506201,2023,0,0,1,0,0,4,0
3506201,2024,0,0,2,0,0,2,0
3506201,2025,0,0,0,0,0,3,0
3506300,2023,0,0,2,0,0,18,2
3506300,2024,1,2,1,3,1,15,0
3506300,2025,3,0,7,3,0,14,0
3506359,2023,74,40,132,114,54,320,397
3506359,2024,97,44,166,141,83,226,267
3506359,2025,76,19,215,95,55,186,224
3506409,2023,0,1,4,1,0,28,0
3506409,2024,3,1,4,4,3,0,1
3506409,2025,5,0,4,5,3,3,0
3506508,2023,59,14,256,73,54,211,94
3506508,2024,60,4,226,64,49,306,93
3506508,2025,59,7,288,66,43,233,44
3506607,2023,19,8,25,27,14,35,9
3506607,2024,5,14,32,19,4,41,31
3506607,2025,10,14,13,24,4,57,19
3506706,2023,5,5,27,10,2,14,17
3506706,2024,1,1,7,2,0,19,1
3506706,2025,5,2,8,7,2,14,3
3506805,2023,3,0,20,3,3,8,2
3506805,2024,1,0,16,1,1,8,4
3506805,2025,0,0,4,0,0,10,0
3506904,2023,1,0,6,1,1,9,1
3506904,2024,4,0,3,4,2,10,2
3506904,2025,6,1,8,7,5,2,0
3507001,2023,62,70,197,132,47,142,100
3507001,2024,40,54,157,94,21,121,81
3507001,2025,44,34,131,78,26,117,44
3507100,2023,19,3,22,22,5,36,14
3507100,2024,12,11,22,23,15,23,30
3507100,2025,19,11,26,30,16,14,18
3507159,2023,1,0,1,1,0,4,0
3507159,2024,0,0,1,0,0,6,0
3507159,2025,0,0,0,0,0,2,0
3507209,2024,0,0,0,0,0,2,0
3507209,2025,2,0,0,2,1,0,0
3507308,2023,1,2,13,3,3,0,0
3507308,2024,6,0,4,6,1,5,2
3507308,2025,2,0,8,2,1,3,0
3507407,2023,2,1,7,3,2,15,2
3507407,2024,2,0,20,2,0,15,2
3507407,2025,4,14,12,18,0,18,2
3507456,2023,2,0,2,2,0,3,2
3507456,2024,4,0,3,4,1,5,0
3507456,2025,0,0,2,0,0,0,0
3507506,2023,39,17,206,56,20,357,49
3507506,2024,41,9,151,50,15,208,31
3507506,2025,42,1,142,43,17,210,20
3507605,2023,163,64,214,227,64,540,281
3507605,2024,164,41,375,205,80,406,206
3507605,2025,89,19,333,108,50,327,146
3507704,2023,1,0,7,1,0,2,2
3507704,2024,2,0,4,2,0,4,0
3507704,2025,0,0,0,0,0,1,0
3507753,2023,0,0,0,0,0,2,0
3507753,2024,0,4,0,4,1,3,0
3507753,2025,1,0,3,1,1,1,1
3507803,2023,19,18,17,37,14,41,40
3507803,2024,10,2,16,12,3,27,9
3507803,2025,22,6,12,28,8,15,14
3507902,2023,20,7,20,27,12,18,12
3507902,2024,15,19,25,34,6,17,16
3507902,2025,8,18,68,26,3,28,25
3508009,2023,1,0,18,1,1,31,6
3508009,2024,2,0,7,2,2,15,4
3508009,2025,0,2,4,2,0,13,2
3508108,2023,8,0,14,8,1,19,0
3508108,2024,1,0,16,1,1,47,5
3508108,2025,0,0,4,0,0,15,1
3508207,2023,3,0,5,3,1,3,12
3508207,2024,1,2,5,3,1,5,2
3508207,2025,2,12,10,14,0,4,6
3508306,2023,1,0,4,1,0,3,0
3508306,2024,1,1,4,2,0,7,5
3508306,2025,0,0,3,0,0,1,0
3508405,2023,17,4,42,21,12,59,39
3508405,2024,21,7,82,28,9,45,23
3508405,2025,17,7,28,24,10,39,11
3508504,2023,145,105,199,250,70,134,187
3508504,2024,157,71,280,228,114,141,155
3508504,2025,96,69,269,165,77,106,84
3508603,2023,8,11,81,19,7,26,20
3508603,2024,8,12,37,20,7,40,27
3508603,2025,9,16,18,25,10,30,5
3508702,2023,4,0,10,4,0,22,6
3508702,2024,5,1,12,6,5,13,1
3508702,2025,9,6,14,15,7,12,9
3508801,2023,7,2,35,9,7,10,30
3508801,2024,5,1,8,6,3,3,3
3508801,2025,3,0,18,3,2,15,3
3508900,2023,0,0,0,0,0,1,1
3508900,2024,0,0,0,0,0,2,0
3509007,2023,97,90,252,187,61,146,288
3509007,2024,62,83,200,145,51,357,157
3509007,2025,33,82,215,115,63,80,150
3509106,2023,2,0,6,2,1,1,0
3509106,2024,0,0,3,0,0,2,0
3509205,2023,90,63,337,153,42,386,237
3509205,2024,93,130,256,223,102,255,207
3509205,2025,79,70,215,149,65,321,145
3509254,2023,18,8,30,26,18,72,24
3509254,2024,11,22,25,33,9,50,30
3509254,2025,16,7,13,23,12,48,27
3509304,2023,2,1,3,3,1,11,3
3509304,2024,3,0,18,3,1,27,1
3509304,2025,2,2,2,4,0,11,0
3509403,2023,11,5,24,16,3,31,19
3509403,2024,10,2,18,12,4,31,10
3509403,2025,15,5,29,20,7,28,19
3509452,2023,0,3,4,3,0,7,4
3509452,2024,3,1,11,4,4,7,1
3509452,2025,7,0,2,7,7,11,0
3509502,2023,3337,1768,4736,5105,1764,4518,5209
3509502,2024,3268,1294,3807,4562,1598,4417,3515
3509502,2025,3623,1268,4152,4891,1783,3769,3214
3509601,2023,126,107,375,233,91,111,252
3509601,2024,92,58,258,150,66,123,159
3509601,2025,86,50,262,136,57,104,149
3509700,2023,30,2,64,32,19,113,77
3509700,2024,23,5,36,28,6,145,28
3509700,2025,28,3,40,31,8,106,29
3509809,2023,0,3,3,3,0,9,2
3509809,2024,1,1,0,2,1,3,1
3509809,2025,0,0,0,0,0,1,0
3509908,2023,1,0,5,1,0,40,11
3509908,2024,3,0,4,3,1,24,3
3509908,2025,0,0,8,0,0,15,3
3509957,2023,1,2,22,3,1,1,23
3509957,2024,3,1,17,4,1,16,36
3509957,2025,2,6,6,8,7,4,14
3510005,2023,17,0,72,17,5,59,4
3510005,2024,7,3,33,10,2,52,7
3510005,2025,8,0,50,8,4,37,2
3510104,2023,0,0,8,0,0,0,0
3510104,2024,1,0,2,1,0,1,1
3510153,2023,4,0,13,4,0,11,0
3510153,2024,0,0,0,0,0,11,2
3510153,2025,1,0,0,1,0,3,0
3510203,2023,9,1,35,10,6,94,59
3510203,2024,15,1,53,16,9,58,26
3510203,2025,14,0,21,14,3,48,9
3510302,2023,10,3,22,13,4,32,7
3510302,2024,16,1,40,17,8,24,137
3510302,2025,22,4,15,26,11,25,2
3510401,2023,37,16,186,53,18,70,28
3510401,2024,34,9,102,43,24,65,13
3510401,2025,18,34,42,52,3,60,17
3510500,2023,111,19,261,130,70,415,313
3510500,2024,84,26,175,110,54,438,274
3510500,2025,85,18,402,103,62,383,218
3510609,2023,1004,278,2544,1282,700,760,2466
3510609,2024,864,359,2689,1223,781,652,2178
3510609,2025,748,307,1727,1055,551,648,1705
3510708,2023,6,0,6,6,3,20,1
3510708,2024,5,0,6,5,1,16,0
3510708,2025,3,3,4,6,0,17,0
3510807,2023,20,7,24,27,9,41,14
3510807,2024,14,13,39,27,8,58,6
3510807,2025,11,6,14,17,3,32,18
3510906,2023,1,0,0,1,0,1,0
3510906,2024,2,0,0,2,0,3,0
3510906,2025,0,0,0,0,0,2,0
3511003,2023,4,1,25,5,4,27,1
3511003,2024,4,0,11,4,1,30,2
3511003,2025,9,0,9,9,8,19,1
3511102,2023,73,4,187,77,48,197,25
3511102,2024,60,8,213,68,34,183,37
3511102,2025,58,0,240,58,27,186,27
3511201,2023,0,0,21,0,0,7,0
3511201,2024,0,2,14,2,1,6,1
3511201,2025,1,3,4,4,0,0,2
3511300,2023,4,0,21,4,2,26,0
3511300,2024,1,0,8,1,1,10,0
3511300,2025,5,0,10,5,3,19,0
3511409,2023,8,1,19,9,5,27,1
3511409,2024,6,0,8,6,2,31,1
3511409,2025,12,2,2,14,4,17,5
3511508,2023,50,13,23,63,25,60,30
3511508,2024,35,4,59,39,20,49,21
3511508,2025,36,29,52,65,18,37,43
3511607,2023,9,0,66,9,6,12,40
3511607,2024,10,0,24,10,3,16,3
3511607,2025,6,0,10,6,2,14,6
3511706,2023,4,18,12,22,6,19,10
3511706,2024,1,3,20,4,1,8,9
3511706,2025,5,5,14,10,4,14,3
3511904,2023,2,0,3,2,2,9,2
3511904,2024,0,0,6,0,0,7,4
3511904,2025,0,0,8,0,0,0,0
3512001,2023,6,8,17,14,3,21,10
3512001,2024,6,0,19,6,5,19,5
3512001,2025,6,0,11,6,2,15,10
3512100,2023,1,10,6,11,0,11,3
3512100,2024,3,5,5,8,4,8,9
3512100,2025,2,1,0,3,0,11,1
3512209,2023,25,20,47,45,18,34,41
3512209,2024,19,17,69,36,21,40,27
3512209,2025,17,9,42,26,13,28,11
3512308,2023,15,12,36,27,2,31,24
3512308,2024,5,12,50,17,3,10,36
3512308,2025,10,7,8,17,2,15,10
3512407,2023,34,29,197,63,35,31,31
3512407,2024,23,51,129,74,17,37,58
3512407,2025,44,28,51,72,35,28,21
3512506,2023,2,0,18,2,0,9,0
3512506,2024,1,0,29,1,1,6,8
3512506,2025,0,0,9,0,0,12,0
3512605,2023,2,0,0,2,0,3,0
3512605,2024,1,0,0,1,0,1,0
3512605,2025,2,0,0,2,2,2,0
3512704,2023,11,5,17,16,0,4,1
3512704,2024,4,25,39,29,0,3,9
3512704,2025,4,0,8,4,0,1,3
3512803,2023,144,69,164,213,94,125,116
3512803,2024,138,57,233,195,71,76,81
3512803,2025,105,36,121,141,56,81,69
3512902,2023,0,0,7,0,0,7,0
3512902,2024,0,0,3,0,0,14,0
3512902,2025,1,2,3,3,0,9,0
3513009,2023,482,551,1181,1033,542,551,1464
3513009,2024,465,523,1225,988,541,473,1315
3513009,2025,390,532,1130,922,446,459,1147
3513108,2023,30,4,43,34,6,48,32
3513108,2024,30,4,22,34,7,41,12
3513108,2025,30,6,64,36,16,38,15
3513207,2023,11,18,35,29,6,17,17
3513207,2024,13,12,21,25,6,9,14
3513207,2025,11,10,13,21,5,12,11
3513306,2023,0,0,1,0,0,1,0
3513306,2024,0,0,0,0,0,3,0
3513405,2023,29,7,148,36,18,124,96
3513405,2024,15,20,101,35,17,95,41
3513405,2025,27,6,60,33,26,80,70
3513504,2023,116,455,1235,571,128,183,684
3513504,2024,127,410,737,537,147,186,601
3513504,2025,113,217,391,330,76,195,454
3513603,2023,1,2,22,3,3,10,3
3513603,2024,5,4,4,9,7,10,19
3513603,2025,6,1,22,7,5,16,4
3513702,2023,34,17,37,51,8,46,23
3513702,2024,44,2,22,46,7,40,13
3513702,2025,28,25,33,53,12,33,29
3513801,2023,893,1015,2601,1908,851,943,4180
3513801,2024,869,596,1961,1465,806,866,2407
3513801,2025,962,504,1570,1466,756,778,2055
3513850,2023,1,0,1,1,1,0,0
3513850,2025,0,0,1,0,0,2,0
3513900,2023,10,0,8,10,3,10,0
3513900,2024,7,2,6,9,3,18,0
3513900,2025,0,1,1,1,1,1,0
3514007,2023,6,1,15,7,3,2,6
3514007,2024,4,23,10,27,6,2,13
3514007,2025,7,4,7,11,2,2,0
3514106,2023,9,8,24,17,7,48,6
3514106,2024,4,0,15,4,4,25,5
3514106,2025,4,0,9,4,3,32,0
3514205,2023,0,0,1,0,0,1,0
3514205,2024,0,0,0,0,0,1,0
3514205,2025,0,0,1,0,0,2,0
3514304,2023,1,3,1,4,0,9,6
3514304,2024,2,0,11,2,0,12,5
3514304,2025,3,0,1,3,0,6,0
3514403,2023,13,0,32,13,8,106,2
3514403,2024,12,0,22,12,11,81,1
3514403,2025,4,0,36,4,4,104,3
3514502,2023,1,0,7,1,0,10,1
3514502,2024,1,0,8,1,0,15,0
3514502,2025,5,0,6,5,1,13,1
3514601,2023,13,7,21,20,3,13,9
3514601,2024,7,1,11,8,5,13,6
3514601,2025,7,10,8,17,4,5,6
3514700,2023,1,0,3,1,0,3,1
3514700,2024,0,0,1,0,0,1,1
3514700,2025,2,0,3,2,0,1,1
3514809,2023,1,0,7,1,1,11,0
3514809,2024,3,0,2,3,2,6,3
3514809,2025,10,0,9,10,1,17,16
3514908,2023,4,14,16,18,2,14,52
3514908,2024,8,10,17,18,2,13,12
3514908,2025,12,7,7,19,2,14,5
3514924,2023,0,0,1,0,0,1,1
3514924,2024,0,0,2,0,0,2,2
3514924,2025,2,0,2,2,1,2,0
3514957,2023,0,0,0,0,0,2,0
3514957,2024,2,0,0,2,0,1,0
3514957,2025,0,0,0,0,0,1,0
3515004,2023,269,296,1000,565,252,398,1513
3515004,2024,360,454,1190,814,462,433,1575
3515004,2025,407,430,1040,837,487,406,1409
3515103,2023,53,173,287,226,40,68,409
3515103,2024,62,113,234,175,49,79,170
3515103,2025,53,139,196,192,81,52,163
3515129,2025,0,0,2,0,0,0,0
3515152,2023,16,2,19,18,1,23,16
3515152,2024,9,14,22,23,5,19,3
3515152,2025,14,19,31,33,7,10,24
3515186,2023,14,10,23,24,10,62,18
3515186,2024,30,3,20,33,18,51,11
3515186,2025,17,0,13,17,10,30,9
3515194,2023,1,0,0,1,0,2,0
3515194,2024,3,0,9,3,0,1,0
3515194,2025,0,0,0,0,0,1,3
3515202,2023,7,0,9,7,5,22,1
3515202,2024,2,0,0,2,2,19,2
3515202,2025,5,2,6,7,4,21,0
3515301,2023,0,0,0,0,0,3,0
3515301,2025,0,0,0,0,0,1,0
3515350,2023,1,0,7,1,0,7,0
3515350,2024,4,3,4,7,4,3,1
3515350,2025,1,0,0,1,0,3,0
3515400,2023,12,0,33,12,9,50,0
3515400,2024,11,0,3,11,1,42,2
3515400,2025,4,0,2,4,1,9,2
3515509,2023,21,0,66,21,8,170,7
3515509,2024,37,4,82,41,24,245,10
3515509,2025,44,1,65,45,17,82,10
3515608,2023,6,1,11,7,2,4,1
3515608,2024,13,0,15,13,4,2,6
3515608,2025,7,2,1,9,0,9,4
3515657,2023,0,0,0,0,0,3,0
3515657,2024,0,0,4,0,0,3,0
3515657,2025,0,0,3,0,0,0,0
3515707,2023,406,311,1014,717,210,473,1526
3515707,2024,386,242,922,628,201,331,1178
3515707,2025,322,181,854,503,152,355,866
3515806,2023,1,0,0,1,0,0,0
3515806,2024,0,0,6,0,0,0,0
3515806,2025,0,0,0,0,0,1,0
3515905,2023,1,0,2,1,0,1,0
3515905,2024,2,2,2,4,0,2,0
3515905,2025,2,0,0,2,1,3,0
3516002,2023,0,0,0,0,0,8,0
3516002,2024,0,0,1,0,0,17,0
3516002,2025,3,0,1,3,1,1,0
3516101,2023,0,0,10,0,0,5,2
3516101,2024,1,0,0,1,0,0,0
3516101,2025,0,0,5,0,0,5,0
3516200,2023,364,99,718,463,117,1072,304
3516200,2024,486,116,753,602,204,820,209
3516200,2025,462,47,594,509,159,724,149
3516309,2023,145,127,395,272,163,272,720
3516309,2024,107,166,516,273,172,258,712
3516309,2025,113,115,348,228,130,317,449
3516408,2023,103,160,505,263,149,213,344
3516408,2024,99,205,422,304,224,231,391
3516408,2025,126,143,427,269,140,232,272
3516507,2024,0,0,0,0,0,2,0
3516507,2025,0,0,2,0,0,2,0
3516606,2023,3,0,3,3,0,3,15
3516606,2024,1,0,2,1,1,12,0
3516606,2025,0,0,14,0,0,10,3
3516705,2023,11,0,126,11,4,73,10
3516705,2024,5,8,67,13,2,58,14
3516705,2025,5,0,24,5,5,36,2
3516804,2023,0,0,4,0,0,2,2
3516804,2024,2,0,4,2,0,5,0
3516804,2025,1,0,0,1,0,2,0
3516853,2023,0,1,8,1,1,10,2
3516853,2024,3,0,0,3,1,5,1
3516853,2025,2,0,11,2,0,1,3
3516903,2023,0,0,0,0,0,14,5
3516903,2024,1,0,2,1,0,8,0
3516903,2025,0,0,2,0,0,10,0
3517000,2023,3,0,7,3,0,7,6
3517000,2024,5,0,3,5,0,18,0
3517000,2025,2,0,2,2,0,8,3
3517109,2023,1,0,12,1,0,2,4
3517109,2024,3,0,4,3,2,3,1
3517109,2025,4,0,11,4,4,1,0
3517208,2023,11,2,27,13,1,12,6
3517208,2024,8,2,56,10,2,20,3
3517208,2025,4,0,57,4,3,13,0
3517307,2023,0,0,5,0,0,10,0
3517307,2024,1,0,8,1,0,18,6
3517307,2025,0,0,2,0,0,13,0
3517406,2023,24,10,88,34,13,44,31
3517406,2024,4,3,33,7,1,65,14
3517406,2025,13,3,22,16,8,59,11
3517505,2023,9,1,17,10,3,21,2
3517505,2024,7,0,30,7,3,28,5
3517505,2025,1,1,6,2,2,10,3
3517604,2023,0,0,10,0,0,9,1
3517604,2024,3,2,2,5,2,33,6
3517604,2025,1,0,1,1,0,24,4
3517703,2023,8,20,52,28,8,48,57
3517703,2024,6,20,21,26,6,64,36
3517703,2025,8,8,8,16,2,28,13
3517802,2023,0,0,3,0,0,9,0
3517802,2024,0,0,2,0,0,3,0
3517802,2025,0,0,5,0,0,5,0
3517901,2023,3,5,12,8,0,13,6
3517901,2024,4,0,0,4,1,19,3
3517901,2025,2,1,2,3,0,13,0
3518008,2023,0,0,4,0,0,0,0
3518008,2024,0,0,1,0,0,1,0
3518008,2025,2,0,0,2,0,0,0
3518107,2023,0,0,9,0,0,7,0
3518107,2024,1,0,3,1,1,2,2
3518107,2025,1,3,19,4,2,7,8
3518206,2023,5,1,24,6,2,30,7
3518206,2024,30,0,27,30,27,38,3
3518206,2025,3,0,31,3,3,31,9
3518305,2023,5,64,186,69,3,49,77
3518305,2024,5,29,90,34,4,73,56
3518305,2025,17,24,111,41,12,40,55
3518404,2023,59,40,162,99,50,232,142
3518404,2024,60,29,166,89,50,195,129
3518404,2025,48,22,191,70,46,141,76
3518503,2023,3,0,5,3,2,7,4
3518503,2024,2,0,9,2,1,13,0
3518503,2025,3,0,1,3,3,13,0
3518602,2023,34,38,137,72,18,43,94
3518602,2024,39,37,90,76,29,54,63
3518602,2025,18,18,69,36,11,52,51
3518701,2023,223,89,782,312,98,1019,2664
3518701,2024,159,50,429,209,77,1403,1382
3518701,2025,186,40,390,226,119,691,949
3518800,2023,2775,1968,5356,4743,1033,3468,6678
3518800,2024,3024,2039,5527,5063,1477,3340,5857
3518800,2025,2808,1738,4780,4546,1247,3305,4332
3518859,2023,2,9,27,11,5,8,11
3518859,2024,10,3,1,13,1,10,3
3518859,2025,2,2,6,4,3,7,0
3518909,2023,1,0,0,1,0,4,27
3518909,2024,0,0,6,0,0,5,0
3518909,2025,0,0,5,0,0,1,0
3519006,2023,1,0,3,1,1,6,0
3519006,2024,1,0,2,1,1,6,0
3519006,2025,1,0,5,1,0,6,0
3519055,2023,6,3,16,9,2,13,2
3519055,2024,10,1,16,11,4,10,9
3519055,2025,8,3,2,11,4,19,2
3519071,2023,481,618,1093,1099,403,446,1373
3519071,2024,450,305,1012,755,331,376,771
3519071,2025,537,176,858,713,270,307,483
3519105,2023,6,0,11,6,2,23,0
3519105,2024,3,0,14,3,1,12,1
3519105,2025,3,0,5,3,2,12,0
3519204,2023,1,0,2,1,1,8,0
3519204,2024,0,2,6,2,0,9,6
3519204,2025,1,0,0,1,0,3,0
3519253,2023,1,0,13,1,0,4,1
3519253,2024,0,0,2,0,0,2,0
3519253,2025,1,0,1,1,1,5,8
3519303,2023,18,4,44,22,7,23,19
3519303,2024,31,2,41,33,10,36,23
3519303,2025,14,8,57,22,2,42,17
3519402,2023,0,0,7,0,0,13,4
3519402,2024,0,0,12,0,0,7,2
3519402,2025,4,0,8,4,2,11,1
3519501,2023,2,0,4,2,0,11,4
3519501,2024,1,0,2,1,1,5,0
3519501,2025,0,0,2,0,0,3,0
3519600,2023,24,14,159,38,20,124,64
3519600,2024,27,6,80,33,9,103,31
3519600,2025,34,19,42,53,17,128,12
3519709,2023,67,102,271,169,52,104,179
3519709,2024,64,52,174,116,44,108,155
3519709,2025,50,81,150,131,33,85,84
3519808,2023,3,2,8,5,0,7,6
3519808,2024,1,2,2,3,0,16,0
3519808,2025,4,0,5,4,0,8,0
3519907,2023,1,0,1,1,0,12,0
3519907,2024,1,0,3,1,0,6,2
3519907,2025,0,0,0,0,0,10,0
3520004,2023,3,8,20,11,2,36,11
3520004,2024,4,1,11,5,3,40,1
3520004,2025,6,1,33,7,6,32,4
3520103,2023,13,9,52,22,1,49,47
3520103,2024,12,5,27,17,9,51,30
3520103,2025,3,10,29,13,4,37,29
3520202,2023,16,27,49,43,6,15,21
3520202,2024,10,8,17,18,3,23,15
3520202,2025,7,21,32,28,7,14,43
3520301,2023,13,1,13,14,7,78,9
3520301,2024,13,1,32,14,9,53,23
3520301,2025,17,3,19,20,13,54,20
3520400,2023,17,0,31,17,12,146,15
3520400,2024,32,0,69,32,28,133,23
3520400,2025,22,0,48,22,19,129,15
3520426,2023,11,1,8,12,9,78,24
3520426,2024,11,2,30,13,2,66,29
3520426,2025,15,0,23,15,3,64,28
3520442,2023,4,3,35,7,1,81,0
3520442,2024,2,0,30,2,0,80,8
3520442,2025,8,0,43,8,7,50,6
3520509,2023,172,19,482,191,79,485,171
3520509,2024,155,16,438,171,96,398,188
3520509,2025,130,23,291,153,70,338,110
3520608,2023,0,0,0,0,0,4,0
3520608,2024,1,0,6,1,0,4,0
3520608,2025,3,0,6,3,3,3,0
3520707,2023,0,0,15,0,0,6,0
3520707,2024,0,0,0,0,0,2,0
3520707,2025,3,0,0,3,3,6,0
3520806,2023,0,0,4,0,0,2,0
3520806,2024,0,0,2,0,0,0,0
3520905,2023,2,10,21,12,0,7,0
3520905,2024,2,0,7,2,2,12,1
3520905,2025,0,0,2,0,0,10,1
3521002,2023,25,3,98,28,10,63,35
3521002,2024,16,2,119,18,6,30,14
3521002,2025,16,7,107,23,7,32,20
3521101,2023,5,3,15,8,1,5,5
3521101,2024,2,2,16,4,0,3,0
3521101,2025,1,12,10,13,0,3,4
3521150,2023,6,2,15,8,2,5,6
3521150,2024,4,2,11,6,6,9,0
3521150,2025,2,0,13,2,1,7,0
3521200,2023,0,0,0,0,0,5,1
3521200,2024,0,0,0,0,0,6,0
3521200,2025,0,1,0,1,1,6,0
3521309,2023,3,11,38,14,1,26,21
3521309,2024,5,6,4,11,0,43,6
3521309,2025,4,10,10,14,2,36,63
3521408,2023,27,12,107,39,3,22,46
3521408,2024,28,5,60,33,13,20,33
3521408,2025,21,7,67,28,9,17,8
3521507,2023,2,0,1,2,1,3,0
3521507,2024,3,0,0,3,0,6,0
3521507,2025,0,3,1,3,0,4,0
3521606,2023,0,0,3,0,0,6,0
3521606,2024,0,0,0,0,0,5,0
3521606,2025,1,0,3,1,0,11,0
3521705,2023,3,0,2,3,2,11,1
3521705,2024,4,0,7,4,1,6,0
3521705,2025,3,0,6,3,2,11,0
3521804,2023,3,1,14,4,0,15,4
3521804,2024,3,0,20,3,1,12,4
3521804,2025,8,0,11,8,4,28,6
3521903,2023,5,0,8,5,3,10,7
3521903,2024,4,0,9,4,1,33,2
3521903,2025,8,2,8,10,5,25,0
3522000,2023,1,0,4,1,0,4,0
3522000,2024,0,3,0,3,0,1,1
3522000,2025,2,0,0,2,1,1,5
3522109,2023,287,99,734,386,205,584,700
3522109,2024,291,93,526,384,195,493,482
3522109,2025,257,96,516,353,130,440,350
3522158,2023,0,0,0,0,0,2,0
3522158,2024,0,0,2,0,0,4,0
3522158,2025,0,0,0,0,0,2,0
3522208,2023,198,694,1475,892,186,381,1884
3522208,2024,304,651,1103,955,313,270,1503
3522208,2025,611,672,1156,1283,349,404,1456
3522307,2023,75,19,212,94,32,361,97
3522307,2024,114,16,284,130,42,348,91
3522307,2025,103,11,319,114,64,286,67
3522406,2023,21,10,74,31,13,135,27
3522406,2024,29,4,98,33,12,145,37
3522406,2025,24,2,93,26,10,134,29
3522505,2023,323,160,717,483,244,411,784
3522505,2024,387,266,1026,653,375,421,907
3522505,2025,277,310,866,587,376,430,877
3522604,2023,71,54,170,125,67,86,58
3522604,2024,68,66,120,134,70,56,58
3522604,2025,33,22,57,55,23,62,21
3522653,2023,0,0,2,0,0,3,0
3522653,2024,0,0,2,0,0,0,0
3522653,2025,2,0,1,2,2,0,0
3522703,2023,39,11,82,50,18,48,13
3522703,2024,19,12,54,31,6,65,8
3522703,2025,25,9,86,34,10,51,14
3522802,2023,2,0,9,2,2,13,1
3522802,2024,0,0,15,0,0,13,1
3522802,2025,1,2,16,3,0,16,1
3522901,2023,8,10,16,18,5,36,7
3522901,2024,7,1,7,8,6,24,7
3522901,2025,6,0,13,6,2,11,1
3523008,2023,1,0,2,1,1,3,0
3523008,2024,2,0,6,2,0,3,0
3523008,2025,0,0,5,0,0,2,0
3523107,2023,702,707,3072,1409,285,808,3116
3523107,2024,661,813,2948,1474,429,583,2167
3523107,2025,724,626,2530,1350,419,657,2042
3523206,2023,11,0,38,11,8,94,13
3523206,2024,7,0,25,7,2,72,10
3523206,2025,4,3,11,7,5,63,13
3523305,2023,5,12,12,17,11,22,27
3523305,2024,8,7,13,15,4,16,24
3523305,2025,10,1,24,11,4,31,6
3523404,2023,55,97,316,152,26,169,201
3523404,2024,52,80,359,132,21,133,163
3523404,2025,71,106,484,177,34,193,200
3523503,2023,7,7,68,14,0,18,16
3523503,2024,4,3,32,7,2,18,4
3523503,2025,5,0,9,5,1,24,5
3523602,2023,4,15,21,19,2,22,15
3523602,2024,5,11,24,16,0,28,11
3523602,2025,7,4,32,11,0,29,4
3523701,2023,3,5,10,8,0,5,4
3523701,2024,3,0,8,3,0,7,21
3523701,2025,5,1,3,6,1,5,2
3523800,2023,1,0,4,1,1,2,0
3523800,2024,9,8,5,17,9,4,12
3523800,2025,2,0,6,2,2,7,2
3523909,2023,121,52,335,173,61,1237,169
3523909,2024,111,70,358,181,49,823,232
3523909,2025,97,45,300,142,39,520,92
3524006,2023,68,66,128,134,34,292,125
3524006,2024,65,75,206,140,46,109,158
3524006,2025,45,90,162,135,33,96,127
3524105,2023,9,16,129,25,4,37,33
3524105,2024,27,10,61,37,17,57,19
3524105,2025,12,22,39,34,8,212,18
3524204,2023,3,15,7,18,1,9,6
3524204,2024,0,0,0,0,0,7,4
3524204,2025,1,1,1,2,1,2,0
3524303,2023,86,63,242,149,41,149,242
3524303,2024,54,56,163,110,47,124,91
3524303,2025,64,21,79,85,24,95,48
3524402,2023,346,161,633,507,53,410,381
3524402,2024,292,126,488,418,86,399,340
3524402,2025,287,102,505,389,90,308,294
3524501,2023,1,0,6,1,0,15,0
3524501,2024,1,0,9,1,1,10,0
3524501,2025,2,0,0,2,0,6,0
3524600,2023,5,8,23,13,5,17,5
3524600,2024,11,0,26,11,6,16,6
3524600,2025,4,4,24,8,3,14,13
3524709,2023,90,51,146,141,49,283,77
3524709,2024,71,37,151,108,46,116,131
3524709,2025,76,22,109,98,33,322,81
3524808,2023,20,0,94,20,12,91,12
3524808,2024,9,2,41,11,7,79,10
3524808,2025,20,0,98,20,8,69,1
3524907,2023,10,0,13,10,2,4,4
3524907,2024,18,3,9,21,7,11,1
3524907,2025,2,0,9,2,1,8,1
3525003,2023,161,55,224,216,145,151,407
3525003,2024,166,61,239,227,151,163,206
3525003,2025,532,95,220,627,63,170,195
3525102,2023,59,41,119,100,22,70,82
3525102,2024,46,10,103,56,19,50,53
3525102,2025,49,14,103,63,20,51,89
3525201,2023,22,72,156,94,23,34,108
3525201,2024,43,37,106,80,38,49,54
3525201,2025,34,64,75,98,25,25,76
3525300,2023,55,8,347,63,38,257,97
3525300,2024,45,4,191,49,33,244,53
3525300,2025,43,5,181,48,23,242,31
3525409,2023,0,2,1,2,0,9,18
3525409,2024,4,0,3,4,1,6,0
3525409,2025,0,2,2,2,0,12,0
3525508,2023,8,3,17,11,4,26,22
3525508,2024,5,0,9,5,4,21,1
3525508,2025,2,0,8,2,0,8,0
3525607,2023,1,0,3,1,1,4,0
3525607,2024,1,0,8,1,0,2,0
3525607,2025,5,0,1,5,1,1,0
3525706,2023,17,3,38,20,6,83,17
3525706,2024,32,12,69,44,15,39,22
3525706,2025,15,2,67,17,8,51,4
3525805,2023,0,0,0,0,0,3,0
3525805,2024,0,0,3,0,0,1,4
3525805,2025,0,0,0,0,0,6,0
3525854,2023,2,0,1,2,0,4,0
3525854,2024,1,0,0,1,0,3,1
3525854,2025,0,7,14,7,0,3,3
3525904,2023,382,450,1789,832,212,1051,1334
3525904,2024,576,291,1127,867,406,1009,738
3525904,2025,822,247,1088,1069,281,965,621
3526001,2023,3,0,10,3,1,19,1
3526001,2024,0,0,2,0,0,11,1
3526001,2025,2,0,2,2,0,13,0
3526100,2023,10,11,43,21,3,58,29
3526100,2024,7,26,24,33,4,34,49
3526100,2025,7,6,29,13,5,54,11
3526209,2023,11,80,136,91,3,41,153
3526209,2024,13,34,167,47,4,63,137
3526209,2025,11,50,103,61,6,53,90
3526308,2023,1,0,2,1,1,5,3
3526308,2024,3,1,0,4,2,1,6
3526308,2025,1,0,0,1,0,7,0
3526407,2023,17,3,36,20,10,41,17
3526407,2024,16,2,53,18,3,24,10
3526407,2025,15,6,39,21,5,40,20
3526506,2023,0,0,0,0,0,14,0
3526506,2024,0,0,2,0,0,3,0
3526506,2025,0,0,0,0,0,2,0
3526605,2023,1,1,13,2,0,4,3
3526605,2024,0,0,11,0,0,6,0
3526605,2025,5,8,6,13,6,6,24
3526704,2023,140,97,182,237,93,214,135
3526704,2024,112,58,228,170,57,152,109
3526704,2025,122,29,179,151,57,140,280
3526803,2023,20,3,59,23,17,135,12
3526803,2024,22,0,63,22,13,73,9
3526803,2025,22,6,41,28,22,87,5
3526902,2023,735,383,1753,1118,367,717,750
3526902,2024,528,218,1207,746,265,717,559
3526902,2025,596,248,1217,844,317,389,317
3527009,2023,4,20,3,24,4,5,2
3527009,2024,4,2,7,6,2,8,4
3527009,2025,6,0,6,6,1,3,2
3527108,2023,44,6,252,50,26,183,71
3527108,2024,19,2,199,21,15,161,77
3527108,2025,19,0,139,19,16,149,21
3527207,2023,39,19,168,58,32,90,120
3527207,2024,42,38,146,80,40,84,153
3527207,2025,31,21,85,52,30,94,106
3527256,2023,0,0,2,0,0,1,0
3527256,2024,0,0,5,0,0,0,0
3527256,2025,1,0,2,1,0,2,0
3527306,2023,31,16,100,47,9,78,42
3527306,2024,38,18,29,56,24,62,63
3527306,2025,38,21,79,59,22,51,63
3527405,2023,3,0,3,3,3,28,0
3527405,2024,0,0,0,0,0,12,0
3527405,2025,1,0,12,1,1,19,1
3527504,2023,0,0,0,0,0,3,0
3527504,2024,0,0,2,0,0,2,0
3527504,2025,1,0,2,1,0,0,0
3527603,2023,0,7,8,7,0,16,3
3527603,2024,3,13,5,16,1,8,13
3527603,2025,1,16,17,17,1,10,11
3527702,2023,0,0,0,0,0,1,19
3527702,2024,2,0,3,2,1,0,2
3527702,2025,0,0,8,0,0,4,0
3527801,2024,0,0,0,0,0,1,1
3527900,2023,0,0,0,0,0,1,0
3527900,2024,0,0,2,0,0,1,0
3527900,2025,0,0,0,0,0,0,2
3528007,2023,10,2,35,12,5,14,3
3528007,2024,13,1,15,14,11,14,7
3528007,2025,3,3,12,6,3,8,1
3528106,2023,3,0,1,3,0,8,1
3528106,2024,0,0,2,0,0,7,0
3528106,2025,0,0,0,0,0,4,0
3528205,2023,0,0,4,0,0,1,0
3528205,2024,0,0,0,0,0,4,0
3528205,2025,2,1,2,3,1,1,0
3528304,2024,1,0,0,1,0,1,0
3528304,2025,0,0,0,0,0,1,0
3528403,2023,44,38,137,82,23,51,52
3528403,2024,47,24,109,71,20,61,50
3528403,2025,37,20,93,57,28,49,52
3528502,2023,104,108,414,212,47,159,345
3528502,2024,88,116,289,204,44,159,348
3528502,2025,67,110,363,177,45,110,213
3528601,2023,7,0,5,7,0,5,0
3528601,2024,5,0,11,5,1,2,1
3528601,2025,4,0,3,4,1,10,0
3528700,2024,0,0,2,0,0,0,0
3528700,2025,0,0,3,0,0,2,0
3528809,2023,0,0,4,0,0,9,3
3528809,2024,2,0,9,2,1,11,4
3528809,2025,1,0,1,1,0,5,0
3528858,2024,1,0,0,1,0,3,2
3528858,2025,0,0,0,0,0,2,0
3528908,2023,0,0,4,0,0,1,0
3528908,2024,0,0,0,0,0,1,0
3528908,2025,1,0,0,1,0,8,0
3529005,2023,54,15,477,69,30,454,128
3529005,2024,39,3,368,42,20,400,124
3529005,2025,46,0,437,46,21,365,67
3529104,2023,0,0,1,0,0,0,0
3529104,2024,0,0,2,0,0,0,0
3529104,2025,0,0,2,0,0,0,0
3529203,2023,1,0,14,1,1,30,0
3529203,2024,6,18,6,24,5,21,3
3529203,2025,1,0,13,1,1,17,1
3529302,2023,164,53,182,217,68,187,62
3529302,2024,94,26,98,120,47,68,35
3529302,2025,65,6,110,71,25,71,32
3529401,2023,1389,564,2373,1953,508,853,2500
3529401,2024,1433,522,2286,1955,557,788,1823
3529401,2025,1198,324,1565,1522,475,661,1202
3529500,2023,1,0,1,1,1,12,0
3529500,2024,3,2,1,5,1,9,0
3529500,2025,7,0,5,7,1,8,2
3529609,2023,1,0,2,1,0,0,0
3529609,2024,0,0,15,0,0,1,3
3529609,2025,0,0,0,0,0,4,0
3529658,2024,0,0,2,0,0,1,0
3529658,2025,2,0,0,2,2,4,0
3529708,2023,9,51,64,60,5,43,84
3529708,2024,11,31,34,42,4,29,112
3529708,2025,12,24,31,36,8,20,11
3529807,2023,3,0,11,3,3,9,0
3529807,2024,4,7,14,11,7,9,6
3529807,2025,1,0,4,1,1,7,2
3529906,2023,5,128,112,133,8,36,193
3529906,2024,7,116,125,123,16,34,127
3529906,2025,7,31,77,38,1,34,73
3530003,2023,0,0,0,0,0,7,0
3530003,2024,0,0,3,0,0,6,0
3530003,2025,0,0,0,0,0,1,0
3530102,2023,3,0,4,3,2,25,7
3530102,2024,4,0,10,4,1,33,6
3530102,2025,2,0,11,2,2,22,2
3530201,2023,14,0,21,14,14,10,1
3530201,2024,1,1,11,2,1,6,3
3530201,2025,4,0,23,4,1,19,0
3530300,2023,29,16,139,45,10,125,33
3530300,2024,25,0,116,25,13,103,31
3530300,2025,33,5,61,38,22,84,15
3530409,2023,1,0,9,1,0,7,0
3530409,2024,4,0,3,4,2,3,0
3530409,2025,2,0,2,2,1,4,0
3530508,2023,44,25,97,69,37,120,66
3530508,2024,57,12,90,69,37,110,28
3530508,2025,47,8,95,55,25,91,21
3530607,2023,685,376,1364,1061,277,1084,1384
3530607,2024,518,243,1193,761,258,857,934
3530607,2025,508,250,1086,758,323,837,745
3530706,2023,241,121,308,362,139,320,380
3530706,2024,246,80,262,326,156,261,157
3530706,2025,234,47,196,281,138,263,80
3530805,2023,161,94,323,255,103,134,139
3530805,2024,159,70,217,229,104,128,122
3530805,2025,140,33,177,173,72,143,81
3530904,2023,6,4,4,10,3,4,0
3530904,2024,5,4,0,9,2,4,0
3530904,2025,4,7,16,11,0,5,1
3531001,2023,1,0,4,1,1,3,0
3531001,2024,0,2,0,2,0,0,0
3531100,2023,192,90,252,282,100,513,613
3531100,2024,165,74,332,239,109,391,432
3531100,2025,178,29,231,207,75,406,178
3531209,2023,6,0,2,6,3,4,4
3531209,2024,3,1,3,4,2,4,0
3531209,2025,4,0,1,4,2,6,0
3531308,2023,46,76,78,122,41,49,133
3531308,2024,47,62,80,109,38,69,76
3531308,2025,26,5,41,31,9,31,25
3531407,2023,13,0,34,13,3,28,7
3531407,2024,3,0,16,3,1,34,3
3531407,2025,6,0,17,6,1,32,4
3531506,2023,4,3,9,7,3,33,1
3531506,2024,3,2,12,5,2,13,4
3531506,2025,2,0,25,2,0,13,0
3531605,2023,0,0,0,0,0,3,0
3531605,2024,0,0,0,0,0,2,0
3531605,2025,0,0,0,0,0,1,0
3531704,2023,8,0,4,8,3,4,0
3531704,2024,8,2,5,10,6,4,14
3531704,2025,4,2,10,6,3,1,2
3531803,2023,58,71,183,129,52,90,190
3531803,2024,63,60,178,123,35,91,119
3531803,2025,57,49,111,106,21,58,90
3531902,2023,13,46,59,59,18,71,170
3531902,2024,21,14,55,35,21,51,86
3531902,2025,11,9,29,20,2,50,31
3532009,2023,4,0,24,4,0,7,13
3532009,2024,4,3,8,7,1,9,1
3532009,2025,5,2,9,7,0,3,1
3532058,2023,1,1,7,2,0,1,4
3532058,2024,2,2,2,4,0,1,1
3532058,2025,0,11,3,11,0,0,2
3532108,2023,0,1,2,1,0,2,1
3532108,2024,1,0,4,1,1,0,0
3532108,2025,0,0,3,0,0,2,1
3532157,2023,0,0,1,0,0,5,0
3532157,2024,0,0,0,0,0,2,0
3532157,2025,2,0,0,2,1,0,0
3532207,2023,0,0,5,0,0,3,0
3532207,2024,0,0,2,0,0,4,0
3532207,2025,2,0,0,2,2,1,0
3532306,2023,2,5,1,7,2,6,2
3532306,2024,0,1,4,1,0,3,1
3532306,2025,4,0,0,4,2,2,1
3532405,2023,17,40,32,57,22,18,52
3532405,2024,12,22,36,34,19,12,41
3532405,2025,26,35,42,61,20,12,32
3532504,2023,4,0,11,4,0,8,4
3532504,2024,0,0,2,0,0,7,0
3532504,2025,5,0,9,5,3,6,0
3532603,2023,1,2,9,3,1,8,4
3532603,2024,2,2,7,4,0,21,0
3532603,2025,1,0,6,1,0,6,0
3532702,2023,3,0,7,3,0,6,1
3532702,2024,5,0,3,5,0,11,0
3532702,2025,0,0,2,0,0,0,0
3532801,2023,7,0,2,7,0,6,2
3532801,2024,0,0,1,0,0,1,0
3532801,2025,2,0,0,2,1,7,0
3532827,2023,5,0,3,5,1,18,0
3532827,2024,1,0,0,1,0,12,3
3532827,2025,2,0,0,2,0,8,2
3532843,2023,0,0,0,0,0,4,0
3532843,2024,0,0,4,0,0,0,0
3532843,2025,0,2,0,2,2,0,2
3532868,2024,1,0,2,1,0,0,0
3532900,2023,4,0,6,4,1,9,0
3532900,2024,1,0,6,1,0,13,1
3532900,2025,0,4,0,4,0,8,0
3533007,2023,2,0,20,2,0,33,9
3533007,2024,2,0,24,2,0,16,3
3533007,2025,3,2,12,5,3,15,3
3533106,2023,0,0,1,0,0,2,0
3533106,2025,0,0,0,0,0,2,0
3533205,2023,1,0,3,1,0,11,0
3533205,2024,1,0,0,1,1,6,0
3533205,2025,1,0,2,1,1,3,0
3533254,2023,0,0,2,0,0,2,0
3533254,2024,1,0,2,1,0,3,1
3533254,2025,1,0,4,1,1,3,0
3533304,2023,0,0,0,0,0,1,0
3533304,2024,0,0,0,0,0,2,0
3533304,2025,0,0,2,0,0,3,0
3533403,2023,101,43,172,144,29,134,85
3533403,2024,106,78,160,184,29,87,89
3533403,2025,104,58,158,162,42,80,86
3533502,2023,16,12,41,28,6,89,15
3533502,2024,14,7,19,21,6,72,2
3533502,2025,16,0,26,16,10,55,1
3533601,2023,6,0,2,6,4,8,0
3533601,2024,11,0,5,11,3,7,0
3533601,2025,4,1,2,5,1,5,1
3533700,2023,0,3,6,3,0,1,9
3533700,2024,0,0,6,0,0,0,0
3533809,2023,0,0,0,0,0,0,1
3533809,2024,0,0,0,0,0,2,0
3533908,2023,14,7,79,21,2,106,27
3533908,2024,9,7,39,16,2,105,14
3533908,2025,10,0,20,10,2,74,11
3534005,2023,1,0,2,1,1,5,0
3534005,2024,1,2,0,3,1,2,1
3534005,2025,5,0,9,5,2,4,1
3534104,2023,6,0,6,6,1,5,0
3534104,2024,0,0,0,0,0,5,0
3534104,2025,0,0,5,0,0,4,0
3534203,2023,0,0,5,0,0,7,0
3534203,2024,4,0,2,4,0,1,3
3534203,2025,2,0,1,2,1,3,0
3534302,2023,27,22,91,49,22,47,75
3534302,2024,25,13,69,38,16,46,30
3534302,2025,20,5,35,25,5,45,2
3534401,2023,2618,853,6026,3471,1259,2580,5317
3534401,2024,2401,670,5161,3071,1274,2219,3033
3534401,2025,2257,598,3771,2855,1259,2219,2555
3534500,2023,0,0,0,0,0,2,0
3534500,2025,0,0,0,0,0,2,0
3534609,2023,4,0,11,4,1,42,0
3534609,2024,2,0,14,2,1,28,5
3534609,2025,0,0,7,0,0,15,2
3534708,2023,26,69,293,95,9,200,53
3534708,2024,50,2,160,52,33,225,35
3534708,2025,25,7,158,32,9,199,36
3534757,2023,4,4,4,8,0,10,0
3534757,2024,0,2,8,2,0,13,2
3534757,2025,3,0,25,3,0,13,0
3534807,2023,0,0,10,0,0,7,0
3534807,2024,0,0,2,0,0,2,0
3534807,2025,0,0,2,0,0,6,0
3534906,2023,1,0,2,1,0,9,3
3534906,2024,8,0,6,8,8,11,0
3534906,2025,0,8,6,8,0,3,0
3535002,2023,2,0,0,2,1,6,0
3535002,2024,8,0,7,8,7,3,0
3535002,2025,2,0,15,2,1,10,0
3535101,2023,4,0,5,4,1,6,0
3535101,2024,4,0,9,4,3,5,0
3535101,2025,1,0,6,1,1,3,4
3535200,2023,2,0,7,2,1,4,4
3535200,2024,2,0,7,2,0,5,0
3535200,2025,2,0,4,2,1,9,0
3535309,2023,3,3,40,6,2,51,5
3535309,2024,4,6,34,10,2,28,2
3535309,2025,5,1,3,6,3,28,1
3535408,2023,0,0,11,0,0,38,2
3535408,2024,1,0,10,1,0,37,1
3535408,2025,4,0,9,4,0,43,1
3535507,2023,7,0,28,7,4,69,4
3535507,2024,9,0,15,9,6,29,1
3535507,2025,18,0,30,18,4,62,2
3535606,2023,8,0,16,8,1,21,9
3535606,2024,10,0,8,10,3,22,1
3535606,2025,10,0,11,10,4,19,2
3535705,2023,1,1,10,2,1,1,2
3535705,2024,1,0,1,1,0,0,0
3535705,2025,1,0,4,1,0,0,3
3535804,2023,7,0,2,7,4,15,0
3535804,2024,4,0,18,4,3,42,0
3535804,2025,7,0,19,7,4,33,3
3535903,2023,9,0,2,9,0,3,0
3535903,2024,2,0,1,2,2,3,0
3535903,2025,2,0,5,2,1,3,0
3536000,2023,1,4,3,5,0,27,2
3536000,2024,1,6,10,7,1,6,11
3536000,2025,1,3,8,4,1,15,6
3536109,2023,1,6,8,7,0,8,0
3536109,2024,2,3,7,5,2,14,3
3536109,2025,2,8,12,10,1,13,7
3536208,2023,9,3,6,12,6,15,9
3536208,2024,2,0,12,2,1,30,15
3536208,2025,8,1,10,9,4,28,21
3536257,2023,1,0,0,1,1,7,1
3536257,2024,0,0,0,0,0,9,0
3536257,2025,3,0,3,3,3,1,0
3536307,2023,5,1,6,6,2,31,6
3536307,2024,10,3,20,13,2,56,11
3536307,2025,10,1,9,11,2,28,2
3536406,2023,0,0,1,0,0,8,0
3536406,2024,1,0,1,1,0,1,0
3536406,2025,0,0,9,0,0,3,0
3536505,2023,145,168,373,313,87,232,231
3536505,2024,199,46,310,245,64,209,134
3536505,2025,121,24,264,145,68,282,46
3536570,2023,0,0,0,0,0,1,0
3536570,2024,1,0,9,1,0,2,0
3536604,2023,0,0,2,0,0,2,0
3536604,2024,2,0,2,2,0,4,0
3536604,2025,1,0,0,1,0,3,0
3536703,2023,33,7,98,40,18,114,27
3536703,2024,22,6,100,28,11,91,14
3536703,2025,28,9,62,37,20,55,13
3536802,2023,2,3,1,5,0,2,13
3536802,2024,5,0,5,5,1,41,0
3536802,2025,0,0,2,0,0,1,0
3536901,2023,0,0,0,0,0,2,0
3536901,2025,0,0,0,0,0,2,0
3537008,2023,13,10,29,23,0,30,13
3537008,2024,1,7,50,8,1,39,24
3537008,2025,23,20,30,43,2,29,6
3537107,2023,31,20,36,51,28,38,48
3537107,2024,37,13,44,50,25,161,20
3537107,2025,28,5,45,33,11,50,13
3537156,2023,1,0,2,1,0,0,0
3537156,2024,0,0,0,0,0,2,0
3537156,2025,1,0,0,1,0,0,0
3537206,2023,7,0,5,7,1,14,3
3537206,2024,1,1,13,2,0,15,9
3537206,2025,4,0,38,4,3,10,0
3537305,2023,38,6,116,44,29,81,17
3537305,2024,16,1,49,17,13,86,3
3537305,2025,12,2,81,14,6,134,6
3537404,2023,13,1,17,14,8,27,7
3537404,2024,2,0,16,2,0,35,0
3537404,2025,7,0,61,7,3,35,14
3537503,2023,8,0,10,8,5,10,7
3537503,2024,6,6,15,12,4,6,7
3537503,2025,7,0,11,7,3,10,3
3537602,2023,94,113,415,207,135,246,595
3537602,2024,98,97,225,195,114,247,287
3537602,2025,109,33,378,142,79,245,177
3537701,2023,0,0,0,0,0,4,2
3537701,2024,0,1,3,1,0,1,6
3537701,2025,1,0,1,1,1,8,0
3537800,2023,25,10,47,35,23,49,18
3537800,2024,31,5,62,36,16,46,29
3537800,2025,20,18,70,38,21,46,24
3537909,2023,14,5,17,19,3,39,9
3537909,2024,17,1,11,18,9,18,1
3537909,2025,10,2,11,12,5,20,0
3538006,2023,78,54,244,132,31,249,215
3538006,2024,93,52,174,145,43,191,147
3538006,2025,132,54,178,186,103,229,158
3538105,2023,4,0,25,4,0,18,0
3538105,2024,3,0,8,3,2,9,3
3538105,2025,3,6,19,9,0,15,0
3538204,2023,5,8,17,13,3,9,11
3538204,2024,6,2,10,8,4,7,1
3538204,2025,2,0,7,2,1,9,1
3538303,2023,0,0,0,0,0,1,0
3538303,2024,0,0,0,0,0,6,0
3538501,2023,1,4,19,5,1,17,6
3538501,2024,3,0,9,3,1,17,2
3538501,2025,2,1,16,3,2,28,2
3538600,2023,8,12,21,20,4,30,21
3538600,2024,4,11,20,15,6,17,13
3538600,2025,8,2,17,10,5,36,11
3538709,2023,412,173,865,585,193,792,450
3538709,2024,662,151,588,813,299,716,264
3538709,2025,521,92,489,613,197,680,247
3538808,2023,4,4,6,8,3,14,8
3538808,2024,12,2,24,14,3,42,3
3538808,2025,18,0,13,18,11,29,7
3538907,2023,7,0,14,7,4,17,2
3538907,2024,11,0,15,11,11,42,2
3538907,2025,6,6,13,12,4,24,16
3539004,2023,7,9,15,16,4,17,21
3539004,2024,4,0,10,4,1,16,3
3539004,2025,8,0,14,8,0,10,0
3539103,2023,11,15,40,26,6,12,38
3539103,2024,7,37,30,44,4,16,32
3539103,2025,10,1,13,11,6,11,20
3539202,2023,4,0,32,4,1,44,0
3539202,2024,2,0,17,2,1,20,4
3539202,2025,13,0,7,13,7,33,0
3539301,2023,72,25,214,97,30,121,52
3539301,2024,48,23,98,71,12,108,30
3539301,2025,43,16,113,59,19,107,44
3539400,2023,3,0,22,3,2,35,1
3539400,2024,9,0,17,9,8,32,5
3539400,2025,10,0,38,10,1,9,3
3539509,2023,27,3,38,30,15,57,29
3539509,2024,20,7,57,27,12,36,19
3539509,2025,16,3,33,19,11,42,21
3539608,2023,2,0,4,2,0,4,4
3539608,2024,1,4,12,5,0,5,6
3539608,2025,6,1,4,7,0,7,2
3539707,2024,1,0,6,1,0,2,0
3539707,2025,1,0,7,1,1,1,0
3539806,2023,225,234,665,459,107,235,1002
3539806,2024,258,179,544,437,147,262,868
3539806,2025,258,136,404,394,92,279,605
3539905,2023,0,0,0,0,0,8,0
3539905,2024,3,0,2,3,3,2,0
3539905,2025,3,0,5,3,1,3,0
3540002,2023,6,0,4,6,6,15,0
3540002,2024,5,0,6,5,4,22,3
3540002,2025,6,0,4,6,4,5,0
3540101,2023,0,0,17,0,0,6,0
3540101,2024,0,0,8,0,0,8,0
3540101,2025,0,0,7,0,0,2,0
3540200,2023,22,6,51,28,14,48,57
3540200,2024,23,2,22,25,15,50,34
3540200,2025,26,0,45,26,12,24,17
3540259,2023,0,0,3,0,0,1,0
3540259,2024,1,1,0,2,0,6,1
3540259,2025,0,0,4,0,0,5,0
3540309,2023,0,0,0,0,0,3,0
3540309,2024,1,0,0,1,0,4,0
3540309,2025,1,0,0,1,1,2,0
3540408,2023,0,0,1,0,0,1,0
3540408,2024,1,4,2,5,0,6,0
3540408,2025,1,3,0,4,0,1,1
3540507,2023,3,14,25,17,0,11,6
3540507,2024,5,3,18,8,4,4,5
3540507,2025,1,0,10,1,0,1,1
3540606,2023,33,51,124,84,34,59,76
3540606,2024,52,40,91,92,39,59,63
3540606,2025,36,55,117,91,42,35,34
3540705,2023,64,111,150,175,62,86,94
3540705,2024,47,39,114,86,34,83,63
3540705,2025,36,23,77,59,27,66,56
3540754,2023,5,5,12,10,8,29,9
3540754,2024,6,4,15,10,5,19,7
3540754,2025,9,0,40,9,8,9,11
3540804,2023,2,0,23,2,2,25,2
3540804,2024,2,1,28,3,2,33,5
3540804,2025,2,0,4,2,2,21,1
3540903,2023,11,13,22,24,6,15,36
3540903,2024,11,18,46,29,2,19,25
3540903,2025,8,3,20,11,2,3,6
3541000,2023,710,199,2731,909,509,1991,2532
3541000,2024,658,125,2030,783,484,2122,2222
3541000,2025,544,114,1452,658,372,1969,1271
3541059,2023,1,0,0,1,0,0,9
3541059,2024,1,1,1,2,2,5,3
3541059,2025,1,0,7,1,1,2,0
3541109,2023,0,0,2,0,0,0,3
3541109,2024,1,0,11,1,0,2,0
3541109,2025,0,0,1,0,0,1,0
3541208,2023,0,0,3,0,0,5,0
3541208,2024,1,0,7,1,0,1,0
3541208,2025,1,0,1,1,0,3,0
3541307,2023,6,0,61,6,5,86,3
3541307,2024,7,0,73,7,5,80,0
3541307,2025,3,0,37,3,0,67,1
3541406,2023,97,12,375,109,46,546,86
3541406,2024,57,20,414,77,35,539,106
3541406,2025,89,7,275,96,48,474,113
3541505,2023,3,0,52,3,2,40,2
3541505,2024,1,0,61,1,0,18,0
3541505,2025,8,3,52,11,4,16,0
3541604,2023,16,4,81,20,9,65,19
3541604,2024,24,1,33,25,14,55,7
3541604,2025,27,0,48,27,16,35,7
3541653,2023,0,9,17,9,0,0,10
3541653,2024,4,19,38,23,2,1,18
3541653,2025,0,1,2,1,1,1,4
3541703,2023,2,0,2,2,2,9,0
3541703,2024,0,1,10,1,0,16,6
3541703,2025,2,0,3,2,0,4,1
3541802,2023,0,0,3,0,0,7,0
3541802,2024,3,0,5,3,0,3,0
3541802,2025,0,0,0,0,0,3,0
3541901,2023,4,1,11,5,3,25,9
3541901,2024,0,8,15,8,6,17,12
3541901,2025,1,3,4,4,4,13,11
3542008,2023,1,0,2,1,1,2,0
3542008,2024,0,0,2,0,0,2,4
3542008,2025,1,0,0,1,1,4,0
3542107,2023,14,7,3,21,5,6,7
3542107,2024,4,3,7,7,2,5,7
3542107,2025,5,5,2,10,4,4,14
3542206,2023,7,0,11,7,3,41,4
3542206,2024,8,0,20,8,6,27,4
3542206,2025,7,1,14,8,2,39,4
3542305,2023,1,0,4,1,0,5,6
3542305,2024,2,0,2,2,0,3,0
3542305,2025,4,0,0,4,1,3,4
3542404,2023,13,0,13,13,13,63,1
3542404,2024,0,0,45,0,0,13,2
3542404,2025,5,0,17,5,3,16,4
3542503,2023,2,0,3,2,0,31,1
3542503,2024,0,0,0,0,0,8,0
3542503,2025,0,0,0,0,0,6,0
3542602,2023,29,5,81,34,23,112,31
3542602,2024,32,24,92,56,22,124,52
3542602,2025,33,5,89,38,29,125,21
3542701,2023,1,0,9,1,1,13,2
3542701,2024,6,1,13,7,4,18,7
3542701,2025,3,0,15,3,2,10,1
3542800,2023,1,0,0,1,1,2,0
3542800,2024,1,0,0,1,0,0,0
3542800,2025,0,0,0,0,0,2,0
3542909,2023,14,0,3,14,6,14,0
3542909,2024,12,6,11,18,2,6,12
3542909,2025,5,13,7,18,0,11,1
3543006,2023,1,0,4,1,1,15,1
3543006,2024,8,2,11,10,3,16,6
3543006,2025,9,2,16,11,4,8,4
3543105,2023,0,1,3,1,0,0,0
3543105,2024,5,0,9,5,1,1,0
3543105,2025,0,0,5,0,0,6,0
3543204,2023,1,0,6,1,0,0,2
3543204,2024,1,0,3,1,0,3,0
3543204,2025,1,0,1,1,0,9,0
3543238,2025,0,0,0,0,0,1,0
3543253,2023,1,0,0,1,1,4,0
3543253,2024,1,1,1,2,2,2,0
3543253,2025,0,0,0,0,0,3,1
3543303,2023,207,118,595,325,70,126,335
3543303,2024,137,120,426,257,59,123,303
3543303,2025,129,85,272,214,66,107,466
3543402,2023,1268,414,1813,1682,637,2151,1716
3543402,2024,1313,241,1342,1554,625,1833,1163
3543402,2025,1260,229,1312,1489,631,2063,814
3543501,2023,0,2,2,2,0,7,0
3543501,2024,4,0,8,4,4,3,0
3543501,2025,0,0,2,0,0,4,4
3543600,2023,4,0,7,4,0,16,4
3543600,2024,3,0,2,3,0,8,0
3543600,2025,5,0,3,5,1,19,0
3543709,2023,3,5,1,8,3,5,2
3543709,2024,2,1,7,3,0,9,4
3543709,2025,0,0,8,0,0,2,0
3543808,2023,1,2,17,3,0,17,1
3543808,2024,1,0,1,1,0,5,0
3543808,2025,0,0,2,0,0,39,6
3543907,2023,267,162,942,429,144,416,381
3543907,2024,289,166,799,455,181,312,258
3543907,2025,234,76,505,310,151,286,183
3544004,2023,18,16,47,34,6,48,15
3544004,2024,19,14,54,33,11,41,11
3544004,2025,14,21,45,35,5,22,45
3544103,2023,17,8,126,25,3,54,63
3544103,2024,27,19,82,46,3,28,50
3544103,2025,31,11,75,42,8,41,45
3544202,2023,0,0,0,0,0,16,0
3544202,2024,1,0,0,1,0,21,0
3544202,2025,2,1,6,3,0,9,0
3544251,2023,3,0,6,3,2,14,0
3544251,2024,6,0,13,6,2,28,0
3544251,2025,1,0,5,1,1,27,0
3544301,2023,4,8,26,12,3,12,12
3544301,2024,3,7,8,10,5,22,5
3544301,2025,5,7,5,12,9,21,21
3544400,2023,0,0,6,0,0,5,0
3544400,2024,0,0,0,0,0,0,1
3544400,2025,0,0,0,0,0,1,0
3544509,2023,1,0,0,1,0,4,4
3544509,2024,0,0,0,0,0,8,0
3544509,2025,2,0,0,2,2,1,0
3544608,2023,0,0,0,0,0,21,5
3544608,2024,2,0,8,2,2,10,22
3544608,2025,0,0,5,0,0,1,12
3544707,2023,0,0,0,0,0,1,0
3544806,2023,1,0,32,1,0,8,0
3544806,2024,2,0,2,2,0,8,0
3544806,2025,3,0,11,3,0,2,0
3544905,2023,2,30,26,32,0,11,43
3544905,2024,4,11,13,15,1,9,9
3544905,2025,7,3,32,10,2,8,4
3545001,2023,8,4,13,12,3,20,14
3545001,2024,1,2,2,3,2,24,4
3545001,2025,4,0,7,4,0,11,3
3545100,2023,0,0,0,0,0,7,0
3545100,2024,0,0,2,0,0,1,2
3545100,2025,0,0,0,0,0,3,0
3545159,2023,3,4,16,7,0,7,1
3545159,2024,6,1,10,7,2,6,4
3545159,2025,1,30,54,31,0,7,15
3545209,2023,62,45,183,107,21,143,110
3545209,2024,69,64,180,133,18,111,122
3545209,2025,69,18,160,87,31,107,113
3545308,2023,10,23,69,33,9,43,62
3545308,2024,25,3,67,28,10,50,48
3545308,2025,23,4,46,27,13,54,26
3545407,2023,8,8,44,16,7,24,4
3545407,2024,4,9,21,13,1,12,5
3545407,2025,3,12,3,15,0,14,8
3545506,2023,1,0,4,1,0,7,0
3545506,2024,1,0,1,1,0,9,0
3545506,2025,0,0,3,0,0,2,0
3545605,2023,4,3,34,7,1,20,17
3545605,2024,1,3,15,4,0,7,0
3545605,2025,1,4,5,5,1,9,0
3545704,2023,1,0,1,1,0,0,0
3545704,2024,1,0,2,1,1,14,0
3545704,2025,0,0,2,0,0,4,0
3545803,2023,485,66,380,551,83,278,158
3545803,2024,462,99,359,561,99,203,113
3545803,2025,425,78,294,503,60,229,80
3546009,2023,9,2,5,11,2,23,0
3546009,2024,9,1,16,10,0,20,5
3546009,2025,13,1,7,14,3,11,1
3546108,2023,0,0,0,0,0,3,0
3546108,2024,0,0,3,0,0,0,0
3546108,2025,0,0,0,0,0,6,0
3546207,2023,3,2,11,5,0,9,5
3546207,2024,5,3,8,8,0,2,14
3546207,2025,1,4,6,5,2,1,3
3546256,2023,1,4,3,5,0,1,4
3546256,2024,0,0,11,0,0,2,0
3546256,2025,5,2,0,7,0,0,2
3546306,2023,14,7,43,21,8,29,19
3546306,2024,7,6,22,13,6,25,15
3546306,2025,14,1,11,15,6,30,17
3546405,2023,6,0,55,6,2,89,18
3546405,2024,21,6,118,27,8,79,24
3546405,2025,14,2,39,16,10,66,11
3546504,2023,11,11,13,22,8,6,5
3546504,2024,1,6,16,7,2,4,1
3546504,2025,3,11,0,14,2,3,17
3546603,2023,19,0,37,19,10,115,7
3546603,2024,9,8,36,17,4,73,20
3546603,2025,4,0,28,4,2,60,8
3546702,2023,28,7,85,35,8,27,19
3546702,2024,36,11,46,47,22,20,11
3546702,2025,30,4,34,34,17,10,10
3546801,2023,40,86,269,126,28,81,151
3546801,2024,38,33,98,71,32,44,37
3546801,2025,33,57,160,90,27,66,84
3546900,2023,4,8,2,12,1,4,6
3546900,2024,0,3,6,3,1,3,3
3546900,2025,3,0,5,3,0,5,0
3547007,2023,3,0,6,3,0,4,1
3547007,2024,0,1,4,1,0,6,8
3547007,2025,2,0,5,2,0,5,0
3547106,2024,0,0,1,0,0,1,0
3547106,2025,0,0,2,0,0,1,0
3547205,2024,1,0,0,1,1,3,0
3547205,2025,0,0,19,0,0,1,8
3547304,2023,90,43,211,133,64,171,134
3547304,2024,75,45,289,120,68,183,125
3547304,2025,105,60,232,165,95,170,91
3547403,2025,0,0,2,0,0,1,0
3547502,2023,18,17,55,35,5,31,9
3547502,2024,17,28,46,45,2,34,57
3547502,2025,16,3,22,19,1,36,9
3547601,2023,5,3,1,8,2,37,0
3547601,2024,5,0,6,5,2,14,6
3547601,2025,7,0,5,7,4,28,6
3547700,2023,0,0,12,0,0,10,2
3547700,2024,3,0,4,3,2,17,0
3547700,2025,6,0,13,6,0,6,0
3547809,2023,3706,1122,5816,4828,1037,2421,6466
3547809,2024,3609,928,5275,4537,1156,2256,5355
3547809,2025,3504,656,4115,4160,1149,1901,4245
3547908,2023,1,0,8,1,0,9,0
3547908,2024,2,8,8,10,1,0,11
3547908,2025,0,4,13,4,0,4,3
3548005,2023,32,18,54,50,24,28,11
3548005,2024,25,34,76,59,27,18,25
3548005,2025,23,12,26,35,17,21,8
3548054,2023,0,0,5,0,0,10,1
3548054,2024,0,1,8,1,0,9,2
3548054,2025,0,0,3,0,0,17,0
3548104,2023,0,4,5,4,1,15,8
3548104,2024,4,11,10,15,1,8,5
3548104,2025,3,2,6,5,2,3,0
3548203,2023,1,0,2,1,0,11,0
3548203,2024,1,2,1,3,1,5,2
3548203,2025,2,0,7,2,1,6,0
3548302,2023,0,0,4,0,0,1,0
3548302,2024,2,0,0,2,2,1,0
3548401,2023,1,0,6,1,0,3,0
3548401,2024,2,0,5,2,0,4,0
3548401,2025,0,0,0,0,0,2,0
3548500,2023,1221,327,1166,1548,1055,1440,1734
3548500,2024,1075,329,1118,1404,899,1230,1160
3548500,2025,877,215,926,1092,679,1325,1030
3548609,2023,7,2,3,9,5,9,1
3548609,2024,0,0,6,0,0,9,3
3548609,2025,2,0,3,2,1,9,0
3548708,2023,2166,1478,5791,3644,1168,1998,5503
3548708,2024,2079,1138,4134,3217,1240,1893,4449
3548708,2025,2120,844,3245,2964,1094,1892,3235
3548807,2023,433,84,655,517,161,500,760
3548807,2024,221,47,477,268,77,553,446
3548807,2025,607,17,447,624,46,571,231
3548906,2023,426,90,770,516,162,842,438
3548906,2024,428,107,812,535,174,792,370
3548906,2025,340,52,597,392,127,702,187
3549003,2023,2,0,0,2,1,1,0
3549003,2024,0,0,0,0,0,1,0
3549003,2025,2,0,2,2,0,1,0
3549102,2023,44,14,93,58,24,192,80
3549102,2024,71,9,78,80,33,159,15
3549102,2025,32,7,93,39,14,124,13
3549201,2023,0,0,4,0,0,3,0
3549201,2024,0,0,2,0,0,0,0
3549201,2025,0,0,2,0,0,0,0
3549250,2023,0,0,3,0,0,0,2
3549250,2024,1,0,2,1,0,1,0
3549250,2025,1,0,0,1,1,0,0
3549300,2023,0,0,2,0,0,0,0
3549409,2023,18,6,58,24,10,112,26
3549409,2024,29,18,28,47,12,69,49
3549409,2025,18,0,42,18,14,73,20
3549508,2023,7,11,51,18,1,7,10
3549508,2024,4,12,19,16,4,5,11
3549508,2025,4,4,22,8,3,13,6
3549607,2023,1,0,0,1,1,4,0
3549607,2024,1,0,0,1,0,3,0
3549607,2025,0,0,3,0,0,4,0
3549706,2023,14,0,36,14,3,71,12
3549706,2024,24,0,40,24,8,59,7
3549706,2025,8,0,20,8,3,57,2
3549805,2023,677,92,2404,769,408,1613,632
3549805,2024,556,93,1615,649,350,1536,532
3549805,2025,671,91,1493,762,429,1449,403
3549904,2023,1122,150,1706,1272,180,1269,1071
3549904,2024,657,121,926,778,226,1161,743
3549904,2025,700,82,1099,782,255,1144,506
3549953,2023,10,63,230,73,9,15,130
3549953,2024,9,64,104,73,5,14,69
3549953,2025,8,51,73,59,6,10,87
3550001,2023,3,0,10,3,2,15,1
3550001,2024,2,5,4,7,2,17,0
3550001,2025,4,0,5,4,3,10,5
3550100,2023,3,1,42,4,0,44,12
3550100,2024,8,0,51,8,5,78,10
3550100,2025,20,5,24,25,13,57,10
3550209,2023,5,3,15,8,3,46,34
3550209,2024,12,1,30,13,3,24,63
3550209,2025,4,14,21,18,12,17,3
3550308,2023,35796,14710,73078,50506,15958,113386,119653
3550308,2024,37738,12408,61580,50146,17320,97798,93956
3550308,2025,35769,10397,52952,46166,15077,106463,77488
3550407,2023,8,6,40,14,4,45,16
3550407,2024,13,4,25,17,9,46,21
3550407,2025,16,0,41,16,6,49,6
3550506,2023,1,2,12,3,0,6,11
3550506,2024,0,0,6,0,0,5,0
3550506,2025,1,0,4,1,0,1,0
3550605,2023,78,101,195,179,56,142,130
3550605,2024,64,127,183,191,80,113,198
3550605,2025,55,78,187,133,67,131,162
3550704,2023,48,4,123,52,27,243,153
3550704,2024,45,10,160,55,25,243,113
3550704,2025,47,33,156,80,36,228,134
3550803,2023,5,3,9,8,3,8,4
3550803,2024,3,0,1,3,2,8,0
3550803,2025,0,0,2,0,0,14,0
3550902,2023,3,5,42,8,2,12,22
3550902,2024,3,17,58,20,2,9,30
3550902,2025,12,31,37,43,8,15,10
3551009,2023,503,430,1066,933,535,952,2275
3551009,2024,498,504,1252,1002,540,920,2172
3551009,2025,473,388,1366,861,498,933,2058
3551108,2023,2,3,5,5,1,23,1
3551108,2024,2,5,6,7,2,17,80
3551108,2025,3,0,9,3,2,11,1
3551207,2023,0,0,10,0,0,5,3
3551207,2024,1,0,2,1,0,5,0
3551207,2025,1,0,0,1,0,2,0
3551306,2023,0,0,2,0,0,20,0
3551306,2024,0,0,0,0,0,2,0
3551405,2023,3,5,9,8,0,19,1
3551405,2024,7,1,6,8,1,12,0
3551405,2025,4,0,10,4,2,6,6
3551504,2023,37,7,134,44,16,66,74
3551504,2024,25,8,81,33,14,66,114
3551504,2025,51,8,93,59,25,48,45
3551603,2023,10,20,21,30,13,27,15
3551603,2024,7,12,10,19,5,41,38
3551603,2025,13,5,15,18,9,35,4
3551702,2023,226,25,246,251,73,221,115
3551702,2024,164,13,190,177,63,175,44
3551702,2025,210,12,142,222,67,130,56
3551801,2023,1,0,6,1,0,17,3
3551801,2024,2,0,2,2,0,13,0
3551801,2025,4,0,2,4,0,10,0
3551900,2023,2,2,17,4,2,18,2
3551900,2024,5,0,14,5,2,17,1
3551900,2025,3,0,6,3,1,14,0
3552007,2023,0,0,0,0,0,2,2
3552007,2024,0,0,8,0,0,4,3
3552007,2025,4,2,2,6,4,2,1
3552106,2023,9,4,13,13,1,41,9
3552106,2024,21,5,21,26,9,49,5
3552106,2025,16,10,25,26,15,39,2
3552205,2023,1341,407,3768,1748,876,1755,1717
3552205,2024,1454,371,2311,1825,1102,1670,1058
3552205,2025,1615,265,1878,1880,1141,1695,818
3552304,2023,0,0,5,0,0,36,6
3552304,2024,0,0,7,0,0,9,0
3552304,2025,2,0,7,2,0,11,0
3552403,2023,454,629,1310,1083,559,696,1054
3552403,2024,495,540,1006,1035,515,691,606
3552403,2025,502,330,903,832,425,569,373
3552502,2023,768,563,1893,1331,374,653,1987
3552502,2024,779,506,1865,1285,311,696,1444
3552502,2025,726,342,1503,1068,239,688,1050
3552551,2024,1,0,6,1,1,6,0
3552551,2025,0,0,0,0,0,2,0
3552601,2023,1,0,11,1,0,13,1
3552601,2024,1,0,4,1,0,10,0
3552601,2025,2,0,6,2,1,6,0
3552700,2023,6,0,6,6,0,11,3
3552700,2024,4,0,2,4,1,14,5
3552700,2025,5,1,5,6,0,20,4
3552809,2023,487,233,1767,720,320,557,1859
3552809,2024,607,299,1528,906,464,507,1664
3552809,2025,1052,263,1540,1315,558,446,1210
3552908,2023,1,0,3,1,1,3,0
3552908,2024,0,0,6,0,0,10,1
3552908,2025,0,0,0,0,0,0,4
3553005,2023,1,4,0,5,0,16,2
3553005,2024,0,0,4,0,0,18,4
3553005,2025,2,6,4,8,1,12,6
3553104,2023,3,1,0,4,2,2,2
3553104,2024,2,0,0,2,1,18,0
3553104,2025,2,0,0,2,0,1,0
3553203,2023,5,3,17,8,3,7,8
3553203,2024,10,2,4,12,0,6,7
3553203,2025,4,3,0,7,3,14,0
3553302,2023,7,10,28,17,8,38,10
3553302,2024,11,3,16,14,1,25,15
3553302,2025,5,10,19,15,5,11,9
3553401,2023,5,2,33,7,4,47,3
3553401,2024,6,0,48,6,4,53,21
3553401,2025,6,0,14,6,3,41,4
3553500,2023,0,4,2,4,0,5,10
3553500,2024,5,12,4,17,3,6,21
3553500,2025,1,0,1,1,0,2,2
3553609,2023,9,6,3,15,5,18,6
3553609,2024,7,2,8,9,5,3,0
3553609,2025,3,0,4,3,2,8,0
3553658,2023,0,3,0,3,3,5,1
3553658,2024,0,8,0,8,8,2,1
3553658,2025,0,0,1,0,0,1,0
3553708,2023,43,38,114,81,4,73,75
3553708,2024,31,49,77,80,7,62,69
3553708,2025,38,13,70,51,9,47,22
3553807,2023,7,0,10,7,1,61,11
3553807,2024,5,0,31,5,4,26,4
3553807,2025,13,0,12,13,7,19,3
3553856,2023,1,0,14,1,1,9,0
3553856,2024,3,0,9,3,3,3,2
3553856,2025,3,0,4,3,3,2,0
3553906,2023,0,0,8,0,0,9,0
3553906,2024,0,0,4,0,0,3,0
3553906,2025,3,0,1,3,2,7,1
3553955,2023,5,0,30,5,4,12,79
3553955,2024,8,0,26,8,7,7,0
3553955,2025,1,0,6,1,0,11,2
3554003,2023,121,61,171,182,83,130,93
3554003,2024,128,70,226,198,90,165,116
3554003,2025,122,23,156,145,70,124,56
3554102,2023,292,142,762,434,168,702,646
3554102,2024,238,95,553,333,158,641,445
3554102,2025,307,113,608,420,219,598,380
3554201,2023,1,0,6,1,0,7,0
3554201,2024,2,0,0,2,0,4,0
3554201,2025,0,0,0,0,0,2,0
3554300,2023,40,0,48,40,35,20,1
3554300,2024,8,1,30,9,5,17,6
3554300,2025,3,1,20,4,2,37,2
3554409,2023,5,2,12,7,1,4,0
3554409,2024,4,10,9,14,1,12,13
3554409,2025,3,1,2,4,2,7,0
3554508,2023,56,23,38,79,19,40,27
3554508,2024,41,7,55,48,9,42,16
3554508,2025,59,30,73,89,23,70,55
3554607,2023,1,0,0,1,0,3,0
3554607,2024,0,0,0,0,0,2,0
3554607,2025,0,0,3,0,0,0,0
3554656,2023,0,0,0,0,0,1,0
3554656,2025,1,0,0,1,1,1,0
3554706,2023,4,4,3,8,2,9,5
3554706,2024,7,0,5,7,1,13,1
3554706,2025,1,0,10,1,1,5,2
3554755,2023,1,0,0,1,0,3,0
3554755,2024,0,0,0,0,0,1,0
3554805,2023,37,28,69,65,16,34,78
3554805,2024,29,21,35,50,29,57,40
3554805,2025,25,12,32,37,16,27,22
3554904,2023,0,0,4,0,0,4,1
3554904,2024,1,0,1,1,1,7,0
3554904,2025,0,0,34,0,0,8,1
3554953,2023,7,9,19,16,1,13,15
3554953,2024,3,1,10,4,1,4,3
3554953,2025,1,4,5,5,1,9,5
3555000,2023,13,0,77,13,9,92,8
3555000,2024,7,2,87,9,7,82,4
3555000,2025,8,0,41,8,8,81,8
3555109,2023,0,0,14,0,0,17,0
3555109,2024,0,0,0,0,0,7,0
3555109,2025,0,0,8,0,0,8,0
3555208,2023,3,0,0,3,0,2,0
3555208,2024,0,0,0,0,0,1,0
3555307,2023,0,0,0,0,0,1,0
3555307,2024,2,0,0,2,1,0,0
3555307,2025,0,0,0,0,0,3,0
3555356,2023,1,0,3,1,0,12,1
3555356,2024,2,0,4,2,2,16,2
3555356,2025,1,0,5,1,1,15,0
3555406,2023,69,7,133,76,29,424,307
3555406,2024,38,7,106,45,20,361,136
3555406,2025,50,5,74,55,17,402,74
3555505,2023,0,0,0,0,0,10,0
3555505,2024,1,0,0,1,0,5,0
3555505,2025,0,0,9,0,0,4,0
3555604,2023,0,2,8,2,0,11,2
3555604,2024,1,0,9,1,1,5,2
3555604,2025,0,0,6,0,0,12,0
3555703,2024,0,0,0,0,0,2,0
3555703,2025,0,0,0,0,0,3,0
3555802,2023,2,1,21,3,0,13,0
3555802,2024,4,2,6,6,5,7,1
3555802,2025,1,0,6,1,0,7,0
3555901,2023,0,0,3,0,0,3,2
3555901,2024,0,0,0,0,0,1,0
3556008,2023,4,0,15,4,1,17,0
3556008,2024,1,8,11,9,1,13,1
3556008,2025,1,0,8,1,1,8,0
3556107,2023,0,0,7,0,0,20,2
3556107,2024,7,2,7,9,8,14,4
3556107,2025,0,0,10,0,0,7,0
3556206,2023,171,89,156,260,65,232,286
3556206,2024,184,66,130,250,58,220,183
3556206,2025,112,41,97,153,41,195,72
3556305,2023,0,0,11,0,0,69,6
3556305,2024,1,0,9,1,0,51,19
3556305,2025,2,0,18,2,0,44,6
3556354,2023,2,8,24,10,2,10,31
3556354,2024,5,1,38,6,3,5,15
3556354,2025,3,2,35,5,2,8,4
3556404,2023,31,4,36,35,20,79,18
3556404,2024,19,4,32,23,13,56,10
3556404,2025,16,0,29,16,5,37,11
3556453,2023,47,50,269,97,39,69,329
3556453,2024,44,69,204,113,40,76,148
3556453,2025,37,21,82,58,16,66,70
3556503,2023,126,84,398,210,81,149,227
3556503,2024,125,65,260,190,75,170,138
3556503,2025,155,33,303,188,107,151,161
3556602,2023,2,0,10,2,0,19,0
3556602,2024,2,0,11,2,2,7,0
3556602,2025,0,0,17,0,0,11,0
3556701,2023,72,19,87,91,23,124,92
3556701,2024,58,15,86,73,30,129,56
3556701,2025,56,17,93,73,21,142,35
3556800,2023,5,6,24,11,3,10,16
3556800,2024,4,17,25,21,4,45,21
3556800,2025,16,4,22,20,5,18,7
3556909,2023,2,23,6,25,6,4,39
3556909,2024,1,5,2,6,1,3,6
3556909,2025,2,0,10,2,0,2,1
3556958,2023,0,0,0,0,0,1,0
3556958,2024,0,0,0,0,0,2,1
3556958,2025,0,0,1,0,0,2,0
3557006,2023,89,26,323,115,57,186,61
3557006,2024,97,21,290,118,48,168,65
3557006,2025,123,25,162,148,90,140,61
3557105,2023,42,2,141,44,21,234,21
3557105,2024,57,7,151,64,37,216,28
3557105,2025,79,2,77,81,49,141,23
3557154,2023,4,0,0,4,3,7,0
3557154,2024,0,0,0,0,0,1,0
3557154,2025,1,0,0,1,0,2,0
3557204,2023,0,0,18,0,0,16,0
3557204,2024,1,0,0,1,1,16,6
3557204,2025,1,0,10,1,1,15,4
3557303,2023,10,11,18,21,7,13,35
3557303,2024,7,1,13,8,4,15,11
3557303,2025,5,4,39,9,3,8,12
