codigo_ibge,ano,n_ocorrencias,n_via_publica,n_periodo_conhecido,n_noturno
3500105,2022,573,243,93,52
3500105,2023,593,252,80,36
3500105,2024,638,267,78,44
3500105,2025,650,301,68,38
3500204,2022,89,23,11,6
3500204,2023,72,22,7,3
3500204,2024,91,31,40,23
3500204,2025,67,12,13,8
3500303,2022,421,159,49,36
3500303,2023,460,193,23,17
3500303,2024,851,404,80,53
3500303,2025,760,336,99,77
3500402,2022,90,27,14,11
3500402,2023,125,57,12,9
3500402,2024,104,52,12,6
3500402,2025,101,54,14,11
3500501,2022,222,98,36,20
3500501,2023,224,128,96,39
3500501,2024,243,100,133,50
3500501,2025,246,122,83,41
3500550,2022,116,42,24,16
3500550,2023,136,60,22,9
3500550,2024,114,40,41,10
3500550,2025,132,42,56,21
3500600,2022,47,15,9,6
3500600,2023,46,17,15,8
3500600,2024,37,13,17,7
3500600,2025,57,16,26,11
3500709,2022,618,253,140,94
3500709,2023,614,237,134,84
3500709,2024,699,295,128,86
3500709,2025,682,272,122,69
3500758,2022,96,26,31,23
3500758,2023,95,23,25,11
3500758,2024,89,33,30,22
3500758,2025,70,22,24,13
3500808,2022,37,7,8,6
3500808,2023,62,16,24,17
3500808,2024,96,15,32,28
3500808,2025,85,14,20,18
3500907,2022,38,8,7,6
3500907,2023,61,16,9,5
3500907,2024,57,13,13,9
3500907,2025,43,14,6,2
3501004,2022,260,65,36,24
3501004,2023,291,114,43,28
3501004,2024,245,94,32,19
3501004,2025,210,70,31,17
3501103,2022,36,13,8,4
3501103,2023,36,9,11,8
3501103,2024,26,3,8,5
3501103,2025,48,9,8,8
3501152,2022,256,109,35,18
3501152,2023,271,109,35,17
3501152,2024,293,120,56,32
3501152,2025,352,142,59,33
3501202,2022,60,10,10,6
3501202,2023,54,17,9,5
3501202,2024,56,11,4,2
3501202,2025,77,15,14,8
3501301,2022,308,100,155,79
3501301,2023,383,121,196,99
3501301,2024,373,125,206,103
3501301,2025,378,125,128,58
3501400,2022,70,17,20,17
3501400,2023,58,17,8,4
3501400,2024,74,16,10,7
3501400,2025,99,24,14,11
3501509,2022,21,9,6,5
3501509,2023,37,9,6,6
3501509,2024,24,9,0,0
3501509,2025,35,12,11,4
3501608,2022,5464,3189,634,319
3501608,2023,5907,3612,922,521
3501608,2024,5288,3282,797,493
3501608,2025,5032,3044,701,350
3501707,2022,487,189,40,26
3501707,2023,563,177,87,49
3501707,2024,589,225,93,52
3501707,2025,639,337,181,108
3501806,2022,84,21,13,10
3501806,2023,61,16,10,4
3501806,2024,76,20,14,10
3501806,2025,81,27,9,4
3501905,2022,835,388,87,45
3501905,2023,978,503,99,45
3501905,2024,1021,472,128,55
3501905,2025,1022,434,212,109
3502002,2022,88,22,23,13
3502002,2023,69,20,10,7
3502002,2024,89,36,19,14
3502002,2025,90,35,17,11
3502101,2022,1337,456,314,210
3502101,2023,1361,501,230,162
3502101,2024,1299,579,192,126
3502101,2025,1251,595,171,116
3502200,2022,381,97,167,94
3502200,2023,288,101,105,57
3502200,2024,254,80,88,51
3502200,2025,246,89,96,46
3502309,2022,90,27,11,7
3502309,2023,83,23,14,9
3502309,2024,88,20,27,19
3502309,2025,133,34,17,10
3502408,2022,53,10,14,9
3502408,2023,50,23,12,9
3502408,2024,59,23,11,5
3502408,2025,67,27,14,7
3502507,2022,851,468,166,58
3502507,2023,937,528,239,58
3502507,2024,980,568,259,80
3502507,2025,1152,709,368,77
3502606,2022,69,27,22,6
3502606,2023,69,11,33,20
3502606,2024,75,7,39,13
3502606,2025,61,11,26,10
3502705,2022,327,136,78,54
3502705,2023,351,135,51,35
3502705,2024,326,104,83,53
3502705,2025,347,121,114,64
3502754,2022,393,180,72,43
3502754,2023,365,186,81,44
3502754,2024,415,200,117,57
3502754,2025,412,174,102,53
3502804,2022,4974,2322,650,418
3502804,2023,5217,2519,689,424
3502804,2024,5028,2398,744,463
3502804,2025,4990,2526,780,458
3502903,2022,556,150,145,81
3502903,2023,503,191,76,48
3502903,2024,480,176,80,48
3502903,2025,422,145,76,37
3503000,2022,116,30,4,3
3503000,2023,111,42,2,0
3503000,2024,106,38,11,9
3503000,2025,114,44,24,19
3503109,2022,71,21,8,4
3503109,2023,76,20,8,6
3503109,2024,71,23,16,3
3503109,2025,47,14,17,7
3503158,2022,16,8,3,1
3503158,2023,23,10,4,2
3503158,2024,29,8,12,8
3503158,2025,36,7,14,7
3503208,2022,5323,2546,762,443
3503208,2023,5567,2834,973,570
3503208,2024,5960,3246,1246,686
3503208,2025,5709,3366,1026,577
3503307,2022,3237,1876,451,275
3503307,2023,3373,1974,424,274
3503307,2024,3060,1913,337,209
3503307,2025,3081,1891,315,187
3503356,2022,19,2,5,5
3503356,2023,28,2,7,6
3503356,2024,15,7,3,1
3503356,2025,30,12,2,1
3503406,2022,201,53,47,34
3503406,2023,144,33,32,22
3503406,2024,139,39,30,22
3503406,2025,131,48,22,5
3503505,2022,54,17,11,7
3503505,2023,43,13,8,6
3503505,2024,73,21,20,16
3503505,2025,82,31,22,16
3503604,2022,90,35,13,7
3503604,2023,135,58,27,17
3503604,2024,102,32,26,17
3503604,2025,108,51,21,10
3503703,2022,155,53,37,25
3503703,2023,104,28,23,14
3503703,2024,114,45,23,14
3503703,2025,83,26,23,12
3503802,2022,965,492,110,73
3503802,2023,1111,620,168,101
3503802,2024,1138,618,180,101
3503802,2025,997,573,190,89
3503901,2022,1788,1058,305,152
3503901,2023,1829,1196,522,194
3503901,2024,1758,1214,419,152
3503901,2025,1685,1104,382,138
3503950,2022,11,2,1,1
3503950,2023,14,6,2,1
3503950,2024,27,6,5,5
3503950,2025,15,1,2,2
3504008,2022,2028,1016,291,175
3504008,2023,2297,1199,427,240
3504008,2024,2396,1213,490,249
3504008,2025,2247,1101,430,232
3504107,2022,2576,1272,480,267
3504107,2023,2791,1455,633,332
3504107,2024,2625,1279,562,299
3504107,2025,2498,1097,455,250
3504206,2022,207,64,36,24
3504206,2023,186,74,20,10
3504206,2024,192,65,14,9
3504206,2025,231,71,51,38
3504305,2022,85,29,12,9
3504305,2023,107,29,13,6
3504305,2024,82,26,12,6
3504305,2025,98,36,25,9
3504404,2022,207,67,44,26
3504404,2023,164,43,33,15
3504404,2024,142,50,38,24
3504404,2025,142,47,44,20
3504503,2022,1576,700,215,122
3504503,2023,1719,658,250,131
3504503,2024,1758,648,302,160
3504503,2025,1553,647,196,104
3504602,2022,368,125,144,80
3504602,2023,397,185,102,74
3504602,2024,365,173,76,36
3504602,2025,301,137,63,32
3504701,2022,47,12,1,0
3504701,2023,51,8,3,1
3504701,2024,89,11,5,2
3504701,2025,105,11,10,8
3504800,2022,145,39,30,20
3504800,2023,148,35,47,26
3504800,2024,123,34,32,24
3504800,2025,151,37,69,43
3504909,2022,70,29,22,11
3504909,2023,115,40,17,12
3504909,2024,107,34,28,14
3504909,2025,103,43,43,21
3505005,2022,20,5,6,4
3505005,2023,39,15,4,4
3505005,2024,40,10,4,4
3505005,2025,18,7,1,0
3505104,2022,97,34,25,15
3505104,2023,131,39,28,22
3505104,2024,130,31,39,24
3505104,2025,82,28,21,14
3505203,2022,701,266,140,98
3505203,2023,686,275,201,137
3505203,2024,558,242,157,80
3505203,2025,640,261,138,80
3505302,2022,546,309,144,95
3505302,2023,601,307,125,73
3505302,2024,607,326,130,71
3505302,2025,605,317,113,64
3505351,2022,35,18,7,3
3505351,2023,52,23,7,3
3505351,2024,20,7,2,1
3505401,2022,142,28,28,18
3505401,2023,171,48,29,16
3505401,2024,179,65,47,19
3505401,2025,134,45,48,20
3505500,2022,3915,1577,927,657
3505500,2023,3704,1461,951,660
3505500,2024,3389,1362,766,504
3505500,2025,2960,1304,533,308
3505609,2022,411,199,130,85
3505609,2023,365,160,148,89
3505609,2024,346,154,137,95
3505609,2025,351,145,126,69
3505708,2022,5811,3643,998,450
3505708,2023,5969,3981,1524,720
3505708,2024,6622,4477,1635,744
3505708,2025,6970,4898,1551,662
3505807,2022,304,148,76,43
3505807,2023,307,126,98,58
3505807,2024,283,124,72,29
3505807,2025,348,140,86,40
3505906,2022,1075,466,318,197
3505906,2023,1186,584,419,257
3505906,2024,1093,504,266,168
3505906,2025,939,476,190,115
3506003,2022,9119,4782,2048,1174
3506003,2023,9252,4686,2297,1234
3506003,2024,9148,4733,2210,1127
3506003,2025,9473,5086,2098,1059
3506102,2022,1498,803,164,107
3506102,2023,1518,762,200,131
3506102,2024,1515,699,162,97
3506102,2025,1434,734,155,110
3506201,2022,31,9,5,5
3506201,2023,20,7,4,1
3506201,2024,31,9,8,2
3506201,2025,28,10,5,4
3506300,2022,208,67,50,37
3506300,2023,300,70,87,62
3506300,2024,261,76,61,36
3506300,2025,231,65,73,35
3506359,2022,2383,1466,437,205
3506359,2023,2847,1888,929,418
3506359,2024,2201,1378,542,249
3506359,2025,2077,1253,338,131
3506409,2022,99,35,11,9
3506409,2023,94,24,9,6
3506409,2024,75,23,8,3
3506409,2025,96,35,13,9
3506508,2022,2601,1162,393,255
3506508,2023,2697,1231,372,257
3506508,2024,2591,1215,352,215
3506508,2025,2324,1096,204,124
3506607,2022,424,122,85,56
3506607,2023,369,113,69,45
3506607,2024,404,141,84,60
3506607,2025,380,140,65,34
3506706,2022,270,92,26,16
3506706,2023,292,73,12,11
3506706,2024,269,94,30,14
3506706,2025,198,53,70,30
3506805,2022,154,52,26,18
3506805,2023,178,61,33,18
3506805,2024,160,61,42,28
3506805,2025,175,47,40,22
3506904,2022,170,57,38,27
3506904,2023,157,63,37,21
3506904,2024,171,84,33,12
3506904,2025,177,81,42,25
3507001,2022,1511,753,229,166
3507001,2023,1605,861,263,186
3507001,2024,1511,889,197,129
3507001,2025,1597,982,214,146
3507100,2022,365,141,124,61
3507100,2023,312,139,100,61
3507100,2024,314,119,84,45
3507100,2025,357,137,103,47
3507159,2022,34,9,12,9
3507159,2023,37,10,7,1
3507159,2024,36,10,6,4
3507159,2025,31,7,4,2
3507209,2022,14,4,1,1
3507209,2023,8,2,1,1
3507209,2024,10,5,3,2
3507209,2025,16,9,0,0
3507308,2022,86,23,6,3
3507308,2023,69,21,11,6
3507308,2024,82,29,16,6
3507308,2025,95,36,16,13
3507407,2022,267,73,39,29
3507407,2023,224,65,40,33
3507407,2024,238,71,34,12
3507407,2025,233,67,21,10
3507456,2022,48,15,6,5
3507456,2023,45,4,8,7
3507456,2024,59,19,21,14
3507456,2025,50,25,16,9
3507506,2022,2869,1297,671,392
3507506,2023,3007,1368,723,421
3507506,2024,2840,1406,597,253
3507506,2025,3068,1465,611,335
3507605,2022,2937,1472,508,343
3507605,2023,3319,1663,819,561
3507605,2024,3161,1619,700,435
3507605,2025,3101,1492,567,332
3507704,2022,65,16,9,7
3507704,2023,54,13,16,11
3507704,2024,58,19,5,3
3507704,2025,48,21,4,3
3507753,2022,47,12,8,4
3507753,2023,38,8,8,5
3507753,2024,34,9,3,0
3507753,2025,29,7,4,2
3507803,2022,366,148,87,50
3507803,2023,390,146,74,47
3507803,2024,334,158,34,25
3507803,2025,332,141,60,32
3507902,2022,445,120,132,85
3507902,2023,399,116,118,73
3507902,2024,417,134,89,52
3507902,2025,427,184,61,32
3508009,2022,284,92,77,47
3508009,2023,274,82,76,45
3508009,2024,293,107,66,52
3508009,2025,295,112,85,45
3508108,2022,404,109,97,62
3508108,2023,283,68,72,38
3508108,2024,228,50,47,35
3508108,2025,289,85,69,37
3508207,2022,83,14,16,16
3508207,2023,92,40,14,11
3508207,2024,98,46,3,1
3508207,2025,78,27,9,8
3508306,2022,62,20,15,12
3508306,2023,78,27,19,9
3508306,2024,75,33,21,5
3508306,2025,55,30,21,6
3508405,2022,653,322,121,61
3508405,2023,692,396,154,78
3508405,2024,631,355,191,87
3508405,2025,756,412,234,69
3508504,2022,1697,968,244,162
3508504,2023,1771,1080,401,223
3508504,2024,1911,1168,495,314
3508504,2025,1637,1008,427,259
3508603,2022,487,200,111,67
3508603,2023,434,197,105,65
3508603,2024,464,169,110,63
3508603,2025,497,212,117,73
3508702,2022,224,87,43,33
3508702,2023,249,127,44,31
3508702,2024,239,103,35,22
3508702,2025,215,105,27,16
3508801,2022,268,90,50,39
3508801,2023,232,79,51,31
3508801,2024,238,111,54,30
3508801,2025,196,67,37,26
3508900,2022,31,5,3,3
3508900,2023,40,9,13,11
3508900,2024,35,12,9,6
3508900,2025,32,4,6,4
3509007,2022,1416,802,193,99
3509007,2023,1592,933,286,128
3509007,2024,1559,895,334,147
3509007,2025,1397,829,265,113
3509106,2022,52,13,10,5
3509106,2023,58,15,8,6
3509106,2024,52,7,7,5
3509106,2025,48,11,4,3
3509205,2022,2025,934,260,147
3509205,2023,1911,1083,492,326
3509205,2024,2095,1228,425,255
3509205,2025,2014,1248,530,306
3509254,2022,516,191,88,51
3509254,2023,555,220,80,41
3509254,2024,640,313,130,62
3509254,2025,532,237,116,48
3509304,2022,106,55,27,20
3509304,2023,127,81,14,12
3509304,2024,169,59,20,17
3509304,2025,120,39,22,10
3509403,2022,531,181,113,69
3509403,2023,534,184,126,73
3509403,2024,520,194,99,62
3509403,2025,475,208,85,47
3509452,2022,82,31,12,6
3509452,2023,97,38,5,4
3509452,2024,94,32,12,6
3509452,2025,94,33,24,15
3509502,2022,34584,24274,6185,2787
3509502,2023,36632,26189,9992,3968
3509502,2024,34843,24711,9824,3820
3509502,2025,33252,23426,8195,3551
3509601,2022,1555,971,255,141
3509601,2023,1642,938,392,198
3509601,2024,1502,950,358,154
3509601,2025,1442,905,237,103
3509700,2022,1021,485,198,134
3509700,2023,1045,594,319,180
3509700,2024,954,520,299,189
3509700,2025,1109,658,284,192
3509809,2022,65,11,21,12
3509809,2023,86,25,32,27
3509809,2024,58,18,10,6
3509809,2025,57,26,12,8
3509908,2022,248,91,44,36
3509908,2023,346,119,54,38
3509908,2024,301,107,59,24
3509908,2025,248,97,44,20
3509957,2022,106,41,22,17
3509957,2023,91,33,19,16
3509957,2024,118,43,39,27
3509957,2025,96,44,33,21
3510005,2022,502,207,79,65
3510005,2023,521,224,113,74
3510005,2024,551,236,100,67
3510005,2025,498,176,123,85
3510104,2022,63,12,13,10
3510104,2023,54,8,19,14
3510104,2024,77,20,17,15
3510104,2025,46,18,12,8
3510153,2022,139,39,46,28
3510153,2023,120,36,31,19
3510153,2024,124,30,8,4
3510153,2025,97,23,5,1
3510203,2022,836,322,244,157
3510203,2023,866,306,206,129
3510203,2024,807,276,251,137
3510203,2025,635,226,158,81
3510302,2022,340,112,121,64
3510302,2023,291,87,103,46
3510302,2024,380,99,119,68
3510302,2025,378,125,88,40
3510401,2022,736,347,200,104
3510401,2023,878,397,151,77
3510401,2024,894,424,108,62
3510401,2025,833,449,103,60
3510500,2022,3358,1582,907,437
3510500,2023,3462,1751,999,454
3510500,2024,3582,1944,923,441
3510500,2025,3692,2029,910,395
3510609,2022,8484,6051,1170,695
3510609,2023,9174,6688,2034,1184
3510609,2024,9033,6797,1824,981
3510609,2025,8502,6172,1589,807
3510708,2022,248,63,16,10
3510708,2023,275,88,43,27
3510708,2024,215,41,17,7
3510708,2025,233,72,19,14
3510807,2022,544,154,93,62
3510807,2023,538,181,87,69
3510807,2024,585,189,102,75
3510807,2025,627,232,115,64
3510906,2022,27,10,9,8
3510906,2023,22,7,2,0
3510906,2024,37,10,10,8
3510906,2025,32,8,5,2
3511003,2022,347,105,50,35
3511003,2023,395,137,65,45
3511003,2024,329,108,67,45
3511003,2025,319,100,51,23
3511102,2022,2482,1300,302,171
3511102,2023,2505,1219,284,154
3511102,2024,2475,1171,337,186
3511102,2025,2502,1258,261,130
3511201,2022,99,41,30,18
3511201,2023,90,37,28,22
3511201,2024,114,36,37,19
3511201,2025,102,37,26,15
3511300,2022,225,74,34,21
3511300,2023,225,78,28,19
3511300,2024,199,90,29,18
3511300,2025,245,99,51,35
3511409,2022,406,128,71,42
3511409,2023,405,121,68,41
3511409,2024,457,155,83,42
3511409,2025,487,177,85,38
3511508,2022,474,238,44,29
3511508,2023,631,329,79,40
3511508,2024,602,295,118,55
3511508,2025,674,332,71,35
3511607,2022,275,86,82,43
3511607,2023,256,87,68,32
3511607,2024,272,89,92,50
3511607,2025,272,100,115,53
3511706,2022,259,64,51,28
3511706,2023,274,85,54,32
3511706,2024,209,63,48,32
3511706,2025,229,98,28,16
3511904,2022,92,23,24,18
3511904,2023,104,26,15,11
3511904,2024,101,40,8,7
3511904,2025,68,28,7,4
3512001,2022,313,127,44,28
3512001,2023,277,121,21,14
3512001,2024,224,85,35,21
3512001,2025,279,107,90,52
3512100,2022,154,48,52,44
3512100,2023,137,33,49,30
3512100,2024,155,52,39,25
3512100,2025,152,44,25,13
3512209,2022,639,263,237,151
3512209,2023,665,262,211,127
3512209,2024,605,311,174,107
3512209,2025,529,253,172,111
3512308,2022,216,68,43,26
3512308,2023,283,73,71,43
3512308,2024,258,70,78,39
3512308,2025,283,63,132,54
3512407,2022,556,241,70,40
3512407,2023,537,250,93,63
3512407,2024,506,237,90,65
3512407,2025,492,194,87,56
3512506,2022,66,24,8,7
3512506,2023,75,22,8,8
3512506,2024,96,36,8,5
3512506,2025,84,33,15,12
3512605,2022,50,15,13,11
3512605,2023,60,23,19,12
3512605,2024,36,14,13,8
3512605,2025,43,18,12,9
3512704,2022,66,13,16,11
3512704,2023,87,18,25,16
3512704,2024,75,17,9,3
3512704,2025,79,27,10,8
3512803,2022,1170,648,149,92
3512803,2023,1263,693,151,84
3512803,2024,1269,759,168,92
3512803,2025,1154,687,153,76
3512902,2022,197,42,43,25
3512902,2023,168,33,33,25
3512902,2024,141,35,25,21
3512902,2025,136,50,50,25
3513009,2022,5546,3651,725,404
3513009,2023,6447,4563,1583,835
3513009,2024,6178,4355,1330,656
3513009,2025,5917,4152,1323,681
3513108,2022,513,238,92,66
3513108,2023,603,326,81,62
3513108,2024,521,262,83,43
3513108,2025,500,247,84,45
3513207,2022,152,35,47,30
3513207,2023,210,64,70,45
3513207,2024,176,52,64,51
3513207,2025,169,57,30,25
3513306,2022,15,4,2,1
3513306,2023,25,11,0,0
3513306,2024,25,6,3,3
3513306,2025,19,7,2,2
3513405,2022,1524,684,232,142
3513405,2023,1458,658,229,140
3513405,2024,1281,622,213,121
3513405,2025,1221,617,241,140
3513504,2022,2463,1728,361,184
3513504,2023,2876,2041,462,237
3513504,2024,3008,2199,494,212
3513504,2025,2520,1761,427,169
3513603,2022,197,58,39,21
3513603,2023,214,69,35,22
3513603,2024,208,62,35,16
3513603,2025,209,90,41,24
3513702,2022,499,178,179,109
3513702,2023,488,155,179,107
3513702,2024,512,203,148,98
3513702,2025,498,151,140,100
3513801,2022,12411,9651,1324,635
3513801,2023,12000,9538,2035,878
3513801,2024,10012,7674,1933,842
3513801,2025,9524,7268,1713,781
3513850,2022,14,5,3,1
3513850,2023,24,6,3,1
3513850,2024,16,5,3,1
3513850,2025,21,9,3,3
3513900,2022,145,55,23,16
3513900,2023,191,65,55,37
3513900,2024,123,30,30,13
3513900,2025,80,16,17,14
3514007,2022,81,35,20,16
3514007,2023,64,24,12,7
3514007,2024,90,41,16,7
3514007,2025,69,25,15,9
3514106,2022,432,161,140,92
3514106,2023,480,174,154,78
3514106,2024,461,179,96,56
3514106,2025,406,161,67,44
3514205,2022,32,10,8,4
3514205,2023,43,19,3,1
3514205,2024,32,5,2,2
3514205,2025,33,10,2,2
3514304,2022,90,26,26,18
3514304,2023,134,38,29,24
3514304,2024,110,34,20,15
3514304,2025,85,23,27,15
3514403,2022,1118,482,161,117
3514403,2023,1178,505,143,93
3514403,2024,1104,478,128,74
3514403,2025,1129,521,121,76
3514502,2022,162,47,44,31
3514502,2023,159,50,42,17
3514502,2024,160,66,32,15
3514502,2025,183,70,38,18
3514601,2022,89,35,14,13
3514601,2023,101,40,22,20
3514601,2024,82,43,13,12
3514601,2025,91,44,14,11
3514700,2022,72,21,22,15
3514700,2023,75,26,15,9
3514700,2024,78,23,28,18
3514700,2025,77,27,11,5
3514809,2022,165,52,32,25
3514809,2023,156,52,35,22
3514809,2024,154,55,31,20
3514809,2025,208,50,53,28
3514908,2022,224,98,39,23
3514908,2023,264,132,22,10
3514908,2024,259,121,22,13
3514908,2025,262,117,31,17
3514924,2022,37,15,3,1
3514924,2023,40,7,7,5
3514924,2024,31,17,2,1
3514924,2025,28,12,4,1
3514957,2022,19,1,3,2
3514957,2023,15,2,2,1
3514957,2024,14,5,1,1
3514957,2025,29,13,2,0
3515004,2022,4574,3177,646,316
3515004,2023,5272,3856,1149,623
3515004,2024,5428,3962,1258,747
3515004,2025,5472,3846,1092,598
3515103,2022,1246,791,182,119
3515103,2023,1306,809,348,222
3515103,2024,1257,790,377,213
3515103,2025,1209,763,248,130
3515129,2022,27,9,2,1
3515129,2023,28,9,8,4
3515129,2024,25,4,6,3
3515129,2025,27,7,2,1
3515152,2022,229,109,85,43
3515152,2023,246,107,52,26
3515152,2024,229,94,73,29
3515152,2025,211,105,53,19
3515186,2022,690,339,83,57
3515186,2023,690,327,102,66
3515186,2024,702,383,67,32
3515186,2025,646,369,51,32
3515194,2022,80,23,13,9
3515194,2023,84,12,11,5
3515194,2024,86,25,13,6
3515194,2025,56,16,15,5
3515202,2022,144,46,28,16
3515202,2023,166,54,20,11
3515202,2024,129,41,33,18
3515202,2025,154,51,32,15
3515301,2022,30,10,2,2
3515301,2023,36,5,10,7
3515301,2024,41,5,5,2
3515301,2025,35,9,3,2
3515350,2022,85,20,31,15
3515350,2023,88,21,29,13
3515350,2024,84,21,36,20
3515350,2025,98,23,41,15
3515400,2022,328,93,94,53
3515400,2023,324,82,96,56
3515400,2024,310,80,97,51
3515400,2025,241,83,55,27
3515509,2022,1602,623,194,96
3515509,2023,1541,685,167,93
3515509,2024,1504,659,172,89
3515509,2025,1388,651,141,72
3515608,2022,139,38,27,16
3515608,2023,113,40,19,9
3515608,2024,113,40,26,13
3515608,2025,80,23,13,8
3515657,2022,33,3,4,1
3515657,2023,46,8,9,5
3515657,2024,24,9,6,3
3515657,2025,24,4,11,3
3515707,2022,4959,3662,684,344
3515707,2023,4544,3361,1080,401
3515707,2024,4093,2967,951,420
3515707,2025,3683,2655,894,370
3515806,2022,25,10,3,1
3515806,2023,26,4,4,2
3515806,2024,19,5,3,2
3515806,2025,18,2,1,0
3515905,2022,48,9,7,4
3515905,2023,53,10,4,3
3515905,2024,42,12,5,4
3515905,2025,38,11,3,2
3516002,2022,123,31,17,10
3516002,2023,156,39,19,11
3516002,2024,151,34,12,3
3516002,2025,112,34,3,2
3516101,2022,58,10,13,12
3516101,2023,71,15,11,8
3516101,2024,46,4,4,1
3516101,2025,69,19,7,6
3516200,2022,8012,4050,1887,1107
3516200,2023,8521,4619,2105,1332
3516200,2024,7988,4496,1517,953
3516200,2025,7839,4569,1502,904
3516309,2022,2900,1867,502,310
3516309,2023,3453,2364,855,456
3516309,2024,3443,2422,789,395
3516309,2025,2971,2029,862,388
3516408,2022,2740,1627,397,189
3516408,2023,2820,1668,698,326
3516408,2024,2981,1734,696,301
3516408,2025,3070,1745,717,266
3516507,2022,28,6,5,4
3516507,2023,24,9,1,1
3516507,2024,32,9,1,1
3516507,2025,33,3,9,3
3516606,2022,156,43,50,23
3516606,2023,178,39,40,20
3516606,2024,182,31,43,19
3516606,2025,192,47,20,8
3516705,2022,1188,474,178,108
3516705,2023,1182,578,162,89
3516705,2024,1076,549,145,64
3516705,2025,871,410,91,41
3516804,2022,42,14,15,11
3516804,2023,41,6,14,11
3516804,2024,41,10,15,7
3516804,2025,56,16,22,9
3516853,2022,67,27,9,6
3516853,2023,72,36,20,15
3516853,2024,48,15,11,6
3516853,2025,47,23,7,5
3516903,2022,108,29,8,5
3516903,2023,103,31,31,19
3516903,2024,105,25,30,20
3516903,2025,132,27,37,13
3517000,2022,148,28,42,22
3517000,2023,164,56,43,29
3517000,2024,141,51,14,8
3517000,2025,127,38,20,13
3517109,2022,90,28,22,16
3517109,2023,56,15,11,6
3517109,2024,72,23,14,12
3517109,2025,69,18,21,16
3517208,2022,221,65,75,57
3517208,2023,280,72,81,57
3517208,2024,271,105,81,54
3517208,2025,244,71,50,33
3517307,2022,121,35,47,28
3517307,2023,124,42,27,13
3517307,2024,148,58,37,13
3517307,2025,122,40,41,18
3517406,2022,781,347,129,75
3517406,2023,768,305,170,86
3517406,2024,776,313,132,83
3517406,2025,836,404,131,67
3517505,2022,301,124,27,20
3517505,2023,352,123,39,26
3517505,2024,354,118,76,40
3517505,2025,298,109,61,33
3517604,2022,224,61,80,57
3517604,2023,176,35,37,17
3517604,2024,230,65,48,37
3517604,2025,173,40,51,31
3517703,2022,455,138,98,74
3517703,2023,672,301,97,56
3517703,2024,621,258,59,34
3517703,2025,604,305,167,115
3517802,2022,95,30,9,5
3517802,2023,88,21,16,12
3517802,2024,62,20,8,7
3517802,2025,63,13,12,4
3517901,2022,218,77,42,25
3517901,2023,229,50,22,13
3517901,2024,229,68,10,6
3517901,2025,214,67,28,16
3518008,2022,29,8,3,1
3518008,2023,33,10,4,1
3518008,2024,29,7,4,1
3518008,2025,46,19,11,6
3518107,2022,145,43,32,25
3518107,2023,146,45,28,19
3518107,2024,122,35,11,8
3518107,2025,155,36,11,6
3518206,2022,409,173,79,47
3518206,2023,461,215,78,40
3518206,2024,465,181,89,52
3518206,2025,433,194,93,51
3518305,2022,558,265,139,68
3518305,2023,668,316,187,82
3518305,2024,528,272,129,45
3518305,2025,584,279,123,50
3518404,2022,2020,1060,469,249
3518404,2023,1951,1037,430,250
3518404,2024,2006,1014,402,205
3518404,2025,1919,1039,356,192
3518503,2022,194,52,32,18
3518503,2023,168,49,27,14
3518503,2024,194,44,26,10
3518503,2025,169,41,13,9
3518602,2022,794,369,141,111
3518602,2023,620,316,118,74
3518602,2024,609,324,65,35
3518602,2025,594,301,56,36
3518701,2022,8127,6047,1586,640
3518701,2023,9559,7378,2869,1103
3518701,2024,7729,5815,2466,886
3518701,2025,7624,5615,1836,556
3518800,2022,30214,21539,4548,2034
3518800,2023,30720,23059,7731,3383
3518800,2024,32701,24895,8616,3536
3518800,2025,31400,23503,7170,3136
3518859,2022,154,57,46,21
3518859,2023,204,101,70,35
3518859,2024,201,93,46,26
3518859,2025,161,83,24,17
3518909,2022,88,24,33,28
3518909,2023,76,13,34,24
3518909,2024,76,19,51,35
3518909,2025,78,28,49,23
3519006,2022,111,40,24,11
3519006,2023,109,35,19,10
3519006,2024,103,33,29,18
3519006,2025,122,32,32,14
3519055,2022,160,105,32,17
3519055,2023,193,136,37,14
3519055,2024,169,108,29,11
3519055,2025,188,105,45,21
3519071,2022,4760,3083,647,351
3519071,2023,5331,3462,1110,533
3519071,2024,5207,3329,1020,451
3519071,2025,5117,3401,843,372
3519105,2022,229,50,44,21
3519105,2023,213,43,41,25
3519105,2024,240,61,51,23
3519105,2025,238,50,45,25
3519204,2022,86,27,14,8
3519204,2023,73,18,13,9
3519204,2024,107,29,19,12
3519204,2025,85,38,22,12
3519253,2022,114,26,11,9
3519253,2023,115,20,16,8
3519253,2024,103,16,20,10
3519253,2025,114,18,36,14
3519303,2022,380,167,121,73
3519303,2023,499,216,129,65
3519303,2024,558,259,179,91
3519303,2025,588,293,165,83
3519402,2022,172,50,34,22
3519402,2023,200,75,41,24
3519402,2024,149,87,30,17
3519402,2025,167,120,36,23
3519501,2022,69,18,18,12
3519501,2023,96,25,25,18
3519501,2024,93,33,9,6
3519501,2025,94,23,4,2
3519600,2022,1792,598,326,203
3519600,2023,1426,540,262,150
3519600,2024,1508,551,365,213
3519600,2025,1353,499,302,157
3519709,2022,1283,562,204,103
3519709,2023,1366,643,224,112
3519709,2024,1422,666,291,178
3519709,2025,1319,620,293,181
3519808,2022,100,28,27,18
3519808,2023,144,35,25,15
3519808,2024,139,24,28,20
3519808,2025,137,26,30,19
3519907,2022,123,20,42,35
3519907,2023,113,23,36,24
3519907,2024,111,33,27,17
3519907,2025,78,15,20,12
3520004,2022,343,152,57,37
3520004,2023,453,163,81,43
3520004,2024,494,223,88,49
3520004,2025,427,273,94,56
3520103,2022,526,230,111,80
3520103,2023,600,288,118,74
3520103,2024,609,308,106,71
3520103,2025,598,279,73,52
3520202,2022,223,99,96,54
3520202,2023,240,107,96,54
3520202,2024,244,99,109,63
3520202,2025,226,117,66,32
3520301,2022,689,281,160,116
3520301,2023,717,274,138,78
3520301,2024,643,236,165,81
3520301,2025,626,253,175,101
3520400,2022,810,326,204,129
3520400,2023,995,422,312,160
3520400,2024,1029,458,314,191
3520400,2025,996,466,324,166
3520426,2022,968,618,327,259
3520426,2023,639,212,194,121
3520426,2024,587,238,156,70
3520426,2025,628,286,145,81
3520442,2022,630,197,186,116
3520442,2023,545,169,212,127
3520442,2024,563,194,134,89
3520442,2025,507,190,168,88
3520509,2022,3767,1998,913,464
3520509,2023,4497,2439,1113,596
3520509,2024,4405,2374,1107,525
3520509,2025,4151,2362,913,405
3520608,2022,82,28,17,10
3520608,2023,72,32,12,9
3520608,2024,69,25,23,14
3520608,2025,64,17,23,9
3520707,2022,87,24,14,9
3520707,2023,76,22,17,11
3520707,2024,87,25,17,13
3520707,2025,81,19,13,8
3520806,2022,34,8,6,5
3520806,2023,17,6,2,1
3520806,2024,14,3,5,4
3520806,2025,25,6,8,2
3520905,2022,200,65,75,41
3520905,2023,166,67,46,29
3520905,2024,162,59,58,26
3520905,2025,192,77,78,34
3521002,2022,484,161,120,77
3521002,2023,475,195,140,67
3521002,2024,486,171,144,71
3521002,2025,486,182,140,57
3521101,2022,105,22,36,28
3521101,2023,131,35,42,23
3521101,2024,109,31,26,15
3521101,2025,99,30,17,12
3521150,2022,102,29,31,18
3521150,2023,107,43,30,18
3521150,2024,99,37,13,10
3521150,2025,104,34,15,12
3521200,2022,68,16,22,13
3521200,2023,56,11,27,20
3521200,2024,75,13,32,26
3521200,2025,80,29,27,22
3521309,2022,357,95,129,90
3521309,2023,648,408,63,46
3521309,2024,677,424,44,27
3521309,2025,547,254,36,23
3521408,2022,303,135,64,36
3521408,2023,285,99,46,27
3521408,2024,306,116,44,27
3521408,2025,309,145,47,26
3521507,2022,94,40,9,3
3521507,2023,118,38,15,9
3521507,2024,128,58,22,19
3521507,2025,113,35,18,14
3521606,2022,86,22,14,10
3521606,2023,101,24,8,6
3521606,2024,99,17,12,9
3521606,2025,100,27,9,1
3521705,2022,181,39,24,15
3521705,2023,193,38,37,24
3521705,2024,224,30,30,12
3521705,2025,249,55,41,18
3521804,2022,443,130,21,10
3521804,2023,343,115,19,9
3521804,2024,297,83,21,8
3521804,2025,319,107,40,23
3521903,2022,221,68,36,27
3521903,2023,199,62,36,26
3521903,2024,225,70,48,24
3521903,2025,283,72,78,48
3522000,2022,49,15,13,10
3522000,2023,40,7,9,5
3522000,2024,41,9,7,4
3522000,2025,41,10,10,7
3522109,2022,4630,2277,1505,620
3522109,2023,4467,2082,1280,558
3522109,2024,4611,2105,1471,544
3522109,2025,4529,2934,1247,421
3522158,2022,23,10,3,1
3522158,2023,34,7,17,13
3522158,2024,31,5,12,8
3522158,2025,32,11,12,3
3522208,2022,3824,2756,538,320
3522208,2023,4119,3022,887,517
3522208,2024,4020,2949,880,501
3522208,2025,4166,3033,1073,594
3522307,2022,2966,1451,555,358
3522307,2023,3404,1698,491,314
3522307,2024,3463,1833,532,365
3522307,2025,3415,1923,628,367
3522406,2022,1354,511,323,185
3522406,2023,1289,495,281,133
3522406,2024,1451,650,268,130
3522406,2025,1467,615,312,170
3522505,2022,4254,2763,833,429
3522505,2023,4668,3169,1371,738
3522505,2024,5016,3409,1340,715
3522505,2025,4500,3144,1130,548
3522604,2022,1539,856,231,168
3522604,2023,1279,681,200,127
3522604,2024,1480,835,178,103
3522604,2025,1322,781,193,90
3522653,2022,34,7,13,8
3522653,2023,16,5,2,1
3522653,2024,21,6,5,4
3522653,2025,26,5,3,0
3522703,2022,781,259,169,115
3522703,2023,886,286,115,73
3522703,2024,859,275,99,58
3522703,2025,780,315,78,37
3522802,2022,155,37,70,44
3522802,2023,209,43,94,61
3522802,2024,182,41,26,19
3522802,2025,173,47,16,15
3522901,2022,232,81,59,27
3522901,2023,226,87,51,31
3522901,2024,259,115,86,45
3522901,2025,274,84,61,29
3523008,2022,55,9,20,12
3523008,2023,58,15,17,6
3523008,2024,80,20,30,23
3523008,2025,74,21,25,16
3523107,2022,9317,6910,1270,748
3523107,2023,8969,6683,2094,1015
3523107,2024,8326,6241,1741,773
3523107,2025,8314,6206,1659,848
3523206,2022,898,357,158,107
3523206,2023,889,341,152,78
3523206,2024,865,362,162,103
3523206,2025,854,368,138,66
3523305,2022,248,94,62,23
3523305,2023,236,86,77,25
3523305,2024,238,110,70,21
3523305,2025,270,114,61,15
3523404,2022,1804,965,228,126
3523404,2023,1995,994,286,149
3523404,2024,1916,857,272,122
3523404,2025,1969,906,248,112
3523503,2022,275,108,29,20
3523503,2023,300,114,18,8
3523503,2024,320,122,43,18
3523503,2025,300,125,38,18
3523602,2022,316,138,34,16
3523602,2023,419,162,45,30
3523602,2024,379,111,57,36
3523602,2025,347,93,52,28
3523701,2022,106,28,33,30
3523701,2023,107,38,34,24
3523701,2024,125,50,21,18
3523701,2025,101,44,17,14
3523800,2022,117,35,25,15
3523800,2023,123,36,22,18
3523800,2024,151,43,38,22
3523800,2025,110,36,26,8
3523909,2022,2328,1095,431,207
3523909,2023,3539,1334,1398,1090
3523909,2024,3205,1357,994,673
3523909,2025,3021,1318,815,448
3524006,2022,1077,514,173,90
3524006,2023,1229,654,257,117
3524006,2024,1223,675,290,137
3524006,2025,1180,687,269,126
3524105,2022,688,241,161,103
3524105,2023,928,464,142,113
3524105,2024,929,424,126,74
3524105,2025,791,375,91,58
3524204,2022,65,20,6,3
3524204,2023,81,33,3,2
3524204,2024,69,32,21,12
3524204,2025,85,28,8,7
3524303,2022,1620,854,313,214
3524303,2023,1555,798,355,219
3524303,2024,1291,720,256,136
3524303,2025,1314,677,212,130
3524402,2022,4141,2481,601,346
3524402,2023,4339,2499,924,481
3524402,2024,4254,2496,981,495
3524402,2025,3886,2265,857,485
3524501,2022,97,36,19,10
3524501,2023,100,41,20,15
3524501,2024,110,34,27,10
3524501,2025,77,16,20,10
3524600,2022,225,80,51,23
3524600,2023,258,70,61,40
3524600,2024,245,70,64,33
3524600,2025,211,60,78,34
3524709,2022,1652,590,478,405
3524709,2023,1327,634,290,217
3524709,2024,1221,678,221,122
3524709,2025,1386,634,494,328
3524808,2022,1165,546,148,95
3524808,2023,1270,593,152,88
3524808,2024,1259,528,174,91
3524808,2025,1179,543,185,90
3524907,2022,86,34,21,15
3524907,2023,101,24,28,23
3524907,2024,115,31,42,27
3524907,2025,121,49,31,16
3525003,2022,1880,1148,279,141
3525003,2023,1830,1147,393,200
3525003,2024,1844,1176,431,214
3525003,2025,1805,1209,388,181
3525102,2022,858,359,139,101
3525102,2023,1005,404,156,112
3525102,2024,734,331,89,51
3525102,2025,944,415,136,86
3525201,2022,541,245,62,32
3525201,2023,581,270,107,64
3525201,2024,670,299,145,91
3525201,2025,629,328,93,53
3525300,2022,2866,1464,574,358
3525300,2023,3114,1701,756,374
3525300,2024,3206,1849,678,309
3525300,2025,2752,1508,485,268
3525409,2022,99,25,26,18
3525409,2023,146,88,14,9
3525409,2024,155,100,10,10
3525409,2025,158,108,9,7
3525508,2022,219,62,54,36
3525508,2023,232,79,39,23
3525508,2024,209,81,60,39
3525508,2025,163,51,49,28
3525607,2022,79,19,17,15
3525607,2023,75,32,11,8
3525607,2024,68,26,12,10
3525607,2025,53,17,12,8
3525706,2022,651,252,137,96
3525706,2023,818,318,163,115
3525706,2024,640,292,84,55
3525706,2025,695,291,116,70
3525805,2022,77,15,12,9
3525805,2023,43,10,8,8
3525805,2024,48,9,10,8
3525805,2025,50,20,3,0
3525854,2022,35,11,8,5
3525854,2023,36,9,7,6
3525854,2024,35,11,8,6
3525854,2025,28,9,9,7
3525904,2022,8886,5835,1338,669
3525904,2023,8719,5458,1787,803
3525904,2024,8680,5697,1887,757
3525904,2025,8241,5383,1657,627
3526001,2022,256,83,73,24
3526001,2023,318,129,83,37
3526001,2024,281,100,74,29
3526001,2025,296,118,69,27
3526100,2022,433,134,131,65
3526100,2023,460,114,137,49
3526100,2024,442,133,162,78
3526100,2025,492,212,117,60
3526209,2022,591,249,134,88
3526209,2023,642,302,171,119
3526209,2024,708,343,181,120
3526209,2025,706,344,185,121
3526308,2022,57,9,15,11
3526308,2023,71,29,19,14
3526308,2024,49,15,8,4
3526308,2025,85,33,20,12
3526407,2022,392,161,114,80
3526407,2023,458,168,114,65
3526407,2024,451,197,82,43
3526407,2025,383,200,64,38
3526506,2022,102,18,6,3
3526506,2023,157,30,8,4
3526506,2024,164,15,7,1
3526506,2025,184,20,7,3
3526605,2022,119,68,14,10
3526605,2023,91,60,12,7
3526605,2024,81,39,10,6
3526605,2025,94,47,23,15
3526704,2022,2314,1215,81,45
3526704,2023,2331,1262,131,72
3526704,2024,2206,1174,118,52
3526704,2025,2257,1409,84,53
3526803,2022,1022,457,282,183
3526803,2023,1196,448,348,209
3526803,2024,1124,485,207,102
3526803,2025,1214,566,183,98
3526902,2022,6928,4372,1174,665
3526902,2023,7652,4709,1541,905
3526902,2024,6832,3988,1432,755
3526902,2025,6416,4028,1184,619
3527009,2022,79,30,10,7
3527009,2023,87,33,21,10
3527009,2024,98,42,19,5
3527009,2025,100,43,42,16
3527108,2022,2366,1016,536,364
3527108,2023,2090,874,459,285
3527108,2024,2018,902,537,255
3527108,2025,1860,800,346,183
3527207,2022,1543,925,167,97
3527207,2023,1507,897,234,130
3527207,2024,1391,767,180,107
3527207,2025,1379,783,170,90
3527256,2022,15,6,1,1
3527256,2023,22,6,1,1
3527256,2024,23,3,6,2
3527256,2025,30,7,15,8
3527306,2022,604,302,77,40
3527306,2023,694,374,136,73
3527306,2024,721,405,118,54
3527306,2025,824,478,101,46
3527405,2022,339,103,40,23
3527405,2023,312,93,22,15
3527405,2024,393,135,56,49
3527405,2025,322,118,27,20
3527504,2022,25,1,8,7
3527504,2023,29,4,9,4
3527504,2024,31,10,9,5
3527504,2025,30,5,11,9
3527603,2022,193,82,49,32
3527603,2023,184,64,31,15
3527603,2024,184,72,39,28
3527603,2025,184,71,17,12
3527702,2022,41,12,9,6
3527702,2023,46,17,5,4
3527702,2024,39,19,6,2
3527702,2025,62,23,9,2
3527801,2022,52,20,28,15
3527801,2023,42,12,11,7
3527801,2024,56,21,20,9
3527801,2025,55,24,10,3
3527900,2022,35,10,8,7
3527900,2023,23,4,5,3
3527900,2024,29,8,7,5
3527900,2025,26,9,7,3
3528007,2022,249,84,77,51
3528007,2023,188,52,54,34
3528007,2024,191,56,46,32
3528007,2025,178,69,61,34
3528106,2022,79,36,17,14
3528106,2023,78,42,20,11
3528106,2024,105,42,34,19
3528106,2025,91,40,15,8
3528205,2022,46,4,7,2
3528205,2023,38,12,2,1
3528205,2024,32,4,1,0
3528205,2025,28,9,5,4
3528304,2022,28,3,6,6
3528304,2023,35,7,9,6
3528304,2024,32,9,2,1
3528304,2025,19,7,3,2
3528403,2022,681,318,138,72
3528403,2023,727,367,139,82
3528403,2024,753,374,195,109
3528403,2025,760,382,226,109
3528502,2022,1694,956,251,132
3528502,2023,1677,972,387,234
3528502,2024,1707,1019,318,171
3528502,2025,1845,1215,352,204
3528601,2022,99,30,23,13
3528601,2023,97,34,27,12
3528601,2024,116,36,35,16
3528601,2025,132,30,39,13
3528700,2022,35,7,9,7
3528700,2023,44,11,3,2
3528700,2024,48,9,8,6
3528700,2025,32,10,4,1
3528809,2022,198,56,48,23
3528809,2023,173,55,30,24
3528809,2024,204,54,31,21
3528809,2025,164,44,25,17
3528858,2022,48,10,5,4
3528858,2023,36,12,12,4
3528858,2024,39,6,17,10
3528858,2025,55,14,14,3
3528908,2022,37,11,3,1
3528908,2023,32,9,4,3
3528908,2024,35,11,4,2
3528908,2025,35,16,5,3
3529005,2022,5692,3116,1864,788
3529005,2023,5552,2914,1964,767
3529005,2024,5456,2879,1167,456
3529005,2025,5596,3102,810,436
3529104,2022,18,4,1,0
3529104,2023,23,8,5,5
3529104,2024,23,7,4,3
3529104,2025,17,5,7,4
3529203,2022,383,79,37,22
3529203,2023,425,98,82,49
3529203,2024,470,113,81,33
3529203,2025,375,114,62,29
3529302,2022,1404,531,418,254
3529302,2023,1514,637,430,260
3529302,2024,1187,591,255,140
3529302,2025,1055,494,208,115
3529401,2022,10076,7294,1509,725
3529401,2023,9831,7307,2243,1043
3529401,2024,9234,6802,2197,991
3529401,2025,8088,5769,1939,822
3529500,2022,132,27,29,17
3529500,2023,146,39,31,20
3529500,2024,137,41,43,23
3529500,2025,131,43,33,16
3529609,2022,56,9,6,2
3529609,2023,47,7,6,5
3529609,2024,50,13,4,2
3529609,2025,58,15,8,4
3529658,2022,31,9,9,7
3529658,2023,20,3,5,1
3529658,2024,37,9,4,2
3529658,2025,20,5,4,3
3529708,2022,576,206,100,75
3529708,2023,614,276,71,50
3529708,2024,431,197,52,33
3529708,2025,465,187,56,37
3529807,2022,198,74,52,42
3529807,2023,174,76,62,28
3529807,2024,163,76,28,14
3529807,2025,155,66,63,31
3529906,2022,558,268,132,80
3529906,2023,572,266,116,59
3529906,2024,641,284,150,69
3529906,2025,519,230,157,71
3530003,2022,31,8,6,1
3530003,2023,55,12,8,6
3530003,2024,33,11,8,5
3530003,2025,41,13,7,4
3530102,2022,366,85,36,22
3530102,2023,499,173,56,46
3530102,2024,448,119,46,32
3530102,2025,381,114,48,37
3530201,2022,344,69,82,65
3530201,2023,266,54,50,35
3530201,2024,268,58,53,36
3530201,2025,266,58,84,58
3530300,2022,1048,546,160,105
3530300,2023,1207,675,222,138
3530300,2024,1103,587,175,110
3530300,2025,1139,600,213,124
3530409,2022,74,28,14,11
3530409,2023,97,34,22,16
3530409,2024,97,38,25,15
3530409,2025,57,17,13,4
3530508,2022,1652,675,311,232
3530508,2023,1846,761,198,143
3530508,2024,1654,667,231,171
3530508,2025,1738,898,298,202
3530607,2022,9277,5685,1656,871
3530607,2023,9468,6206,2498,1123
3530607,2024,8702,5599,2314,1069
3530607,2025,8682,5651,2016,871
3530706,2022,3512,1959,495,310
3530706,2023,3511,1966,497,270
3530706,2024,3298,1681,513,272
3530706,2025,3263,1648,704,372
3530805,2022,2187,1282,646,260
3530805,2023,1976,1115,620,224
3530805,2024,2015,1232,522,194
3530805,2025,1975,1002,505,216
3530904,2022,54,17,21,9
3530904,2023,65,22,25,16
3530904,2024,52,22,14,9
3530904,2025,59,24,11,5
3531001,2022,26,9,2,2
3531001,2023,26,8,5,3
3531001,2024,20,6,8,5
3531001,2025,25,10,5,4
3531100,2022,3468,1946,986,443
3531100,2023,3425,1679,999,451
3531100,2024,3205,1624,1031,389
3531100,2025,3217,2013,992,348
3531209,2022,96,27,23,7
3531209,2023,99,28,22,7
3531209,2024,101,31,34,18
3531209,2025,99,43,35,15
3531308,2022,806,263,364,225
3531308,2023,729,300,147,104
3531308,2024,724,383,83,53
3531308,2025,710,411,74,33
3531407,2022,426,142,62,44
3531407,2023,413,141,52,34
3531407,2024,428,142,51,32
3531407,2025,353,135,66,39
3531506,2022,302,107,19,10
3531506,2023,428,218,14,6
3531506,2024,335,156,13,8
3531506,2025,256,70,17,12
3531605,2022,48,13,5,2
3531605,2023,59,13,8,5
3531605,2024,65,15,11,6
3531605,2025,58,17,10,6
3531704,2022,79,34,19,11
3531704,2023,94,41,29,20
3531704,2024,72,32,18,8
3531704,2025,45,22,7,3
3531803,2022,1030,653,142,65
3531803,2023,1103,759,163,80
3531803,2024,1037,700,194,65
3531803,2025,963,613,174,89
3531902,2022,516,211,57,43
3531902,2023,696,291,118,82
3531902,2024,669,364,64,40
3531902,2025,822,449,74,45
3532009,2022,147,51,17,15
3532009,2023,170,79,42,32
3532009,2024,163,56,49,31
3532009,2025,148,71,40,34
3532058,2022,50,14,4,2
3532058,2023,30,11,5,3
3532058,2024,35,12,1,0
3532058,2025,36,8,9,8
3532108,2022,51,11,17,13
3532108,2023,60,6,11,6
3532108,2024,49,15,8,2
3532108,2025,40,11,5,3
3532157,2022,38,9,17,11
3532157,2023,48,11,18,8
3532157,2024,32,12,13,5
3532157,2025,38,7,6,5
3532207,2022,150,37,32,22
3532207,2023,115,31,18,13
3532207,2024,126,45,16,10
3532207,2025,104,58,16,13
3532306,2022,61,14,11,8
3532306,2023,79,28,20,14
3532306,2024,93,22,13,5
3532306,2025,75,32,16,7
3532405,2022,278,93,64,37
3532405,2023,266,111,53,30
3532405,2024,281,103,93,63
3532405,2025,282,122,78,46
3532504,2022,119,32,26,18
3532504,2023,121,41,18,11
3532504,2024,112,31,15,7
3532504,2025,130,33,29,13
3532603,2022,150,54,29,21
3532603,2023,124,43,20,15
3532603,2024,137,56,24,14
3532603,2025,126,43,18,16
3532702,2022,64,16,8,5
3532702,2023,77,22,15,7
3532702,2024,69,19,10,5
3532702,2025,75,22,20,16
3532801,2022,72,21,9,6
3532801,2023,87,37,16,6
3532801,2024,77,25,15,9
3532801,2025,83,28,23,10
3532827,2022,108,35,24,15
3532827,2023,84,23,24,12
3532827,2024,113,32,27,20
3532827,2025,74,17,26,14
3532843,2022,25,6,6,4
3532843,2023,21,4,5,4
3532843,2024,30,16,1,1
3532843,2025,26,6,2,1
3532868,2022,13,2,4,4
3532868,2023,11,2,4,4
3532868,2024,10,1,5,3
3532868,2025,6,1,2,2
3532900,2022,149,49,26,17
3532900,2023,110,39,23,10
3532900,2024,144,56,21,14
3532900,2025,145,41,21,11
3533007,2022,281,87,54,35
3533007,2023,314,102,44,22
3533007,2024,257,84,46,32
3533007,2025,264,74,45,27
3533106,2022,24,5,1,1
3533106,2023,23,6,3,2
3533106,2024,25,6,3,3
3533106,2025,16,4,1,1
3533205,2022,68,12,21,14
3533205,2023,76,16,23,18
3533205,2024,66,14,18,12
3533205,2025,70,24,6,5
3533254,2022,51,16,2,1
3533254,2023,44,11,7,3
3533254,2024,53,15,6,2
3533254,2025,51,19,5,3
3533304,2022,26,13,5,4
3533304,2023,27,9,5,2
3533304,2024,51,22,9,5
3533304,2025,39,12,13,7
3533403,2022,959,480,153,85
3533403,2023,1128,616,177,92
3533403,2024,1098,639,155,88
3533403,2025,1078,637,183,94
3533502,2022,834,281,178,104
3533502,2023,866,317,184,129
3533502,2024,720,283,148,70
3533502,2025,683,277,124,68
3533601,2022,153,28,42,29
3533601,2023,210,73,27,16
3533601,2024,154,37,27,23
3533601,2025,137,59,9,7
3533700,2022,61,15,15,12
3533700,2023,59,15,12,8
3533700,2024,62,17,7,5
3533700,2025,49,11,10,5
3533809,2022,20,8,5,5
3533809,2023,27,9,5,3
3533809,2024,31,14,3,1
3533809,2025,25,8,9,3
3533908,2022,1076,347,321,202
3533908,2023,916,291,378,201
3533908,2024,942,322,252,116
3533908,2025,887,336,191,84
3534005,2022,79,20,19,9
3534005,2023,82,25,10,2
3534005,2024,95,24,9,5
3534005,2025,94,34,20,12
3534104,2022,65,29,14,11
3534104,2023,76,25,19,9
3534104,2024,67,20,11,5
3534104,2025,61,17,15,8
3534203,2022,53,18,18,9
3534203,2023,61,10,23,15
3534203,2024,52,13,10,7
3534203,2025,50,14,22,12
3534302,2022,424,193,91,54
3534302,2023,593,271,113,74
3534302,2024,595,307,61,40
3534302,2025,553,291,38,21
3534401,2022,19908,14296,2864,1505
3534401,2023,20948,15469,5083,2622
3534401,2024,18723,13768,4601,2279
3534401,2025,18736,13981,4394,2002
3534500,2022,34,11,2,2
3534500,2023,27,2,5,3
3534500,2024,19,5,2,0
3534500,2025,31,7,5,5
3534609,2022,514,176,42,25
3534609,2023,606,251,68,38
3534609,2024,566,244,39,16
3534609,2025,463,195,35,14
3534708,2022,2329,1080,429,252
3534708,2023,2432,1098,368,188
3534708,2024,2391,1041,374,181
3534708,2025,2438,1169,378,174
3534757,2022,178,60,30,15
3534757,2023,164,46,26,11
3534757,2024,181,31,48,29
3534757,2025,202,67,36,19
3534807,2022,94,31,12,7
3534807,2023,108,32,10,8
3534807,2024,92,32,16,11
3534807,2025,91,22,8,1
3534906,2022,169,44,20,12
3534906,2023,255,51,20,12
3534906,2024,228,43,22,16
3534906,2025,212,50,19,8
3535002,2022,138,41,30,20
3535002,2023,158,64,33,21
3535002,2024,120,31,21,16
3535002,2025,125,33,33,20
3535101,2022,133,39,18,15
3535101,2023,130,39,16,12
3535101,2024,134,41,7,3
3535101,2025,147,41,10,4
3535200,2022,173,48,45,35
3535200,2023,130,49,20,8
3535200,2024,129,42,20,12
3535200,2025,105,41,23,14
3535309,2022,425,148,101,72
3535309,2023,460,151,104,61
3535309,2024,444,145,122,80
3535309,2025,258,104,48,32
3535408,2022,296,79,69,44
3535408,2023,311,74,33,21
3535408,2024,263,59,51,30
3535408,2025,285,70,71,33
3535507,2022,648,237,128,94
3535507,2023,712,274,119,79
3535507,2024,632,231,112,77
3535507,2025,712,267,127,88
3535606,2022,259,90,37,23
3535606,2023,306,95,71,42
3535606,2024,305,115,101,60
3535606,2025,288,95,102,52
3535705,2022,83,27,8,4
3535705,2023,58,14,3,1
3535705,2024,52,19,3,1
3535705,2025,43,21,4,3
3535804,2022,246,68,31,16
3535804,2023,254,75,34,19
3535804,2024,248,84,36,22
3535804,2025,267,69,43,28
3535903,2022,94,25,18,11
3535903,2023,90,36,7,6
3535903,2024,100,37,8,4
3535903,2025,77,24,6,3
3536000,2022,189,38,20,13
3536000,2023,182,44,18,12
3536000,2024,127,25,17,11
3536000,2025,143,40,14,7
3536109,2022,135,38,22,14
3536109,2023,131,36,35,21
3536109,2024,128,46,22,13
3536109,2025,143,48,36,16
3536208,2022,272,105,82,33
3536208,2023,295,130,114,57
3536208,2024,329,119,132,59
3536208,2025,331,123,131,62
3536257,2022,54,17,9,3
3536257,2023,57,7,9,2
3536257,2024,68,14,7,3
3536257,2025,52,22,9,4
3536307,2022,287,100,111,75
3536307,2023,302,108,109,66
3536307,2024,287,100,106,73
3536307,2025,328,115,102,69
3536406,2022,86,22,19,14
3536406,2023,88,30,10,5
3536406,2024,96,25,15,10
3536406,2025,99,38,19,9
3536505,2022,2449,1351,423,247
3536505,2023,2438,1436,494,251
3536505,2024,2332,1371,445,218
3536505,2025,2334,1317,452,258
3536570,2022,34,9,11,8
3536570,2023,20,4,7,6
3536570,2024,29,1,10,5
3536570,2025,30,13,8,1
3536604,2022,80,19,23,18
3536604,2023,84,23,7,2
3536604,2024,86,19,8,6
3536604,2025,86,25,15,10
3536703,2022,908,398,192,134
3536703,2023,844,378,222,140
3536703,2024,902,421,192,110
3536703,2025,881,444,154,84
3536802,2022,69,13,21,16
3536802,2023,55,22,13,9
3536802,2024,67,26,11,8
3536802,2025,57,22,11,6
3536901,2022,35,10,4,1
3536901,2023,20,6,4,2
3536901,2024,33,12,6,4
3536901,2025,35,6,5,4
3537008,2022,274,64,34,17
3537008,2023,317,85,36,27
3537008,2024,353,93,41,29
3537008,2025,320,122,47,31
3537107,2022,549,268,98,72
3537107,2023,564,269,72,41
3537107,2024,570,244,83,43
3537107,2025,634,264,81,49
3537156,2022,19,3,5,1
3537156,2023,17,4,4,4
3537156,2024,24,8,5,2
3537156,2025,22,7,3,3
3537206,2022,221,73,59,30
3537206,2023,190,71,71,20
3537206,2024,203,56,56,35
3537206,2025,220,78,67,32
3537305,2022,1478,552,222,159
3537305,2023,1394,607,273,215
3537305,2024,1217,509,160,100
3537305,2025,1298,595,194,107
3537404,2022,429,153,116,65
3537404,2023,408,129,105,56
3537404,2024,431,138,69,42
3537404,2025,392,132,83,50
3537503,2022,128,39,39,24
3537503,2023,116,40,41,25
3537503,2024,124,36,45,22
3537503,2025,108,32,36,23
3537602,2022,2984,1339,603,284
3537602,2023,2868,1376,675,289
3537602,2024,3653,2009,1507,1040
3537602,2025,3000,1898,763,396
3537701,2022,52,13,9,5
3537701,2023,56,16,11,6
3537701,2024,64,19,8,5
3537701,2025,39,13,6,4
3537800,2022,646,215,102,66
3537800,2023,692,296,117,68
3537800,2024,652,268,87,47
3537800,2025,660,251,78,54
3537909,2022,315,107,44,23
3537909,2023,395,111,73,40
3537909,2024,320,96,76,36
3537909,2025,333,133,46,21
3538006,2022,2499,1349,452,283
3538006,2023,2625,1459,635,380
3538006,2024,2491,1440,544,271
3538006,2025,2706,1576,594,343
3538105,2022,222,87,37,18
3538105,2023,195,63,23,13
3538105,2024,206,69,37,23
3538105,2025,224,83,36,24
3538204,2022,177,76,47,33
3538204,2023,211,111,57,28
3538204,2024,245,105,52,33
3538204,2025,265,156,88,70
3538303,2022,30,8,6,3
3538303,2023,32,10,3,1
3538303,2024,35,11,8,6
3538303,2025,42,13,9,5
3538501,2022,185,69,28,19
3538501,2023,174,73,28,20
3538501,2024,169,65,29,19
3538501,2025,150,61,37,26
3538600,2022,378,147,100,63
3538600,2023,375,152,76,47
3538600,2024,331,128,63,32
3538600,2025,368,146,63,41
3538709,2022,7680,3420,1488,784
3538709,2023,7973,3928,1806,911
3538709,2024,8086,3945,1694,797
3538709,2025,8064,3754,1364,738
3538808,2022,433,164,90,50
3538808,2023,453,167,132,73
3538808,2024,510,173,133,59
3538808,2025,470,145,120,49
3538907,2022,272,66,53,38
3538907,2023,329,79,70,37
3538907,2024,425,100,54,25
3538907,2025,332,81,33,17
3539004,2022,158,42,26,18
3539004,2023,156,45,42,23
3539004,2024,143,32,34,16
3539004,2025,139,48,23,17
3539103,2022,231,118,47,23
3539103,2023,297,149,67,40
3539103,2024,264,133,42,23
3539103,2025,235,117,47,27
3539202,2022,344,72,68,39
3539202,2023,372,117,87,59
3539202,2024,417,102,54,32
3539202,2025,409,114,46,21
3539301,2022,1121,484,118,69
3539301,2023,1394,633,188,99
3539301,2024,1231,609,141,81
3539301,2025,1382,681,153,76
3539400,2022,233,85,57,31
3539400,2023,301,121,77,38
3539400,2024,267,91,52,28
3539400,2025,249,79,56,31
3539509,2022,488,210,65,50
3539509,2023,618,263,137,104
3539509,2024,498,207,63,49
3539509,2025,493,220,96,64
3539608,2022,65,16,8,7
3539608,2023,66,16,9,6
3539608,2024,74,18,9,8
3539608,2025,76,12,11,8
3539707,2022,53,20,15,13
3539707,2023,37,13,8,6
3539707,2024,55,29,11,4
3539707,2025,38,17,7,4
3539806,2022,3066,2235,385,197
3539806,2023,2988,2274,661,295
3539806,2024,2991,2236,662,271
3539806,2025,2585,1813,601,316
3539905,2022,84,27,24,14
3539905,2023,100,42,25,16
3539905,2024,79,30,29,17
3539905,2025,69,25,27,17
3540002,2022,204,89,44,34
3540002,2023,230,101,36,19
3540002,2024,233,136,57,22
3540002,2025,248,97,37,16
3540101,2022,65,24,16,8
3540101,2023,58,13,7,3
3540101,2024,58,11,14,9
3540101,2025,38,15,5,4
3540200,2022,482,227,75,51
3540200,2023,527,259,68,50
3540200,2024,546,247,53,35
3540200,2025,486,252,55,34
3540259,2022,75,27,13,6
3540259,2023,73,21,16,8
3540259,2024,67,22,13,7
3540259,2025,87,25,11,6
3540309,2022,23,6,3,3
3540309,2023,34,3,8,5
3540309,2024,41,16,4,2
3540309,2025,31,12,5,3
3540408,2022,59,15,8,5
3540408,2023,46,7,8,4
3540408,2024,53,15,12,8
3540408,2025,69,13,24,15
3540507,2022,192,74,73,46
3540507,2023,148,43,39,31
3540507,2024,164,53,40,24
3540507,2025,165,61,19,16
3540606,2022,676,257,119,57
3540606,2023,957,372,156,69
3540606,2024,829,378,166,62
3540606,2025,963,451,150,77
3540705,2022,853,388,253,142
3540705,2023,950,488,256,146
3540705,2024,1070,552,256,172
3540705,2025,1010,589,237,126
3540754,2022,266,98,39,29
3540754,2023,343,130,49,30
3540754,2024,369,137,40,17
3540754,2025,251,123,34,19
3540804,2022,356,176,93,42
3540804,2023,314,194,66,45
3540804,2024,321,243,59,41
3540804,2025,308,211,53,34
3540853,2022,20,3,3,3
3540853,2023,22,5,2,1
3540853,2024,25,3,7,2
3540853,2025,28,5,1,0
3540903,2022,259,99,53,36
3540903,2023,251,112,29,24
3540903,2024,231,126,39,31
3540903,2025,206,74,47,36
3541000,2022,12012,8637,2056,946
3541000,2023,13627,9462,3811,1694
3541000,2024,13178,9076,3969,1753
3541000,2025,12761,8909,3576,1477
3541059,2022,108,34,24,14
3541059,2023,108,52,16,7
3541059,2024,86,30,27,15
3541059,2025,72,26,18,9
3541109,2022,38,9,6,4
3541109,2023,51,19,12,10
3541109,2024,46,10,13,8
3541109,2025,39,9,9,6
3541208,2022,110,26,10,4
3541208,2023,155,28,14,9
3541208,2024,135,28,9,4
3541208,2025,155,36,7,6
3541307,2022,747,345,111,76
3541307,2023,903,381,173,103
3541307,2024,869,423,160,112
3541307,2025,807,401,93,59
3541406,2022,4887,2257,712,440
3541406,2023,4789,2148,949,548
3541406,2024,4855,2174,935,522
3541406,2025,4635,2108,777,408
3541505,2022,547,224,53,24
3541505,2023,560,217,61,33
3541505,2024,562,260,48,25
3541505,2025,527,222,49,23
3541604,2022,640,178,174,123
3541604,2023,601,169,193,127
3541604,2024,595,211,206,119
3541604,2025,539,205,148,79
3541653,2022,46,15,7,5
3541653,2023,49,14,9,8
3541653,2024,54,20,7,4
3541653,2025,36,14,6,2
3541703,2022,177,47,38,22
3541703,2023,150,36,21,15
3541703,2024,182,48,29,13
3541703,2025,146,60,24,11
3541802,2022,49,20,15,9
3541802,2023,60,15,15,10
3541802,2024,56,17,9,4
3541802,2025,63,17,9,7
3541901,2022,222,78,49,30
3541901,2023,234,103,41,31
3541901,2024,184,71,41,27
3541901,2025,158,61,48,30
3542008,2022,64,15,13,5
3542008,2023,76,30,23,8
3542008,2024,49,20,15,9
3542008,2025,86,35,45,18
3542107,2022,90,40,21,12
3542107,2023,137,55,25,20
3542107,2024,100,36,10,7
3542107,2025,121,65,7,4
3542206,2022,564,148,202,111
3542206,2023,566,164,176,100
3542206,2024,541,167,114,68
3542206,2025,603,202,119,84
3542305,2022,50,18,19,15
3542305,2023,48,11,7,4
3542305,2024,57,26,10,7
3542305,2025,74,20,20,9
3542404,2022,307,106,41,18
3542404,2023,290,88,51,29
3542404,2024,292,75,55,32
3542404,2025,376,143,57,28
3542503,2022,61,19,6,3
3542503,2023,75,24,11,6
3542503,2024,83,17,11,4
3542503,2025,83,26,6,2
3542602,2022,1141,418,222,137
3542602,2023,1133,423,194,114
3542602,2024,1190,438,227,126
3542602,2025,1127,380,258,138
3542701,2022,135,57,66,43
3542701,2023,134,32,63,18
3542701,2024,102,34,33,16
3542701,2025,146,53,41,18
3542800,2022,31,11,18,7
3542800,2023,29,13,15,9
3542800,2024,39,15,12,7
3542800,2025,32,12,15,7
3542909,2022,183,62,48,30
3542909,2023,141,48,36,23
3542909,2024,159,53,45,21
3542909,2025,146,52,39,28
3543006,2022,165,57,55,33
3543006,2023,168,64,48,23
3543006,2024,228,81,85,56
3543006,2025,213,66,83,33
3543105,2022,60,10,35,11
3543105,2023,120,68,85,32
3543105,2024,140,82,84,55
3543105,2025,147,97,78,40
3543204,2022,47,13,15,7
3543204,2023,48,11,15,9
3543204,2024,65,16,9,3
3543204,2025,38,11,11,5
3543238,2022,14,2,3,2
3543238,2023,11,1,3,1
3543238,2024,17,4,1,1
3543238,2025,12,2,4,3
3543253,2022,52,9,14,7
3543253,2023,68,13,29,16
3543253,2024,45,11,22,10
3543253,2025,51,20,25,12
3543303,2022,1887,1284,221,120
3543303,2023,1993,1340,386,170
3543303,2024,1622,1048,333,141
3543303,2025,1581,1057,310,105
3543402,2022,17847,13398,2464,1503
3543402,2023,18347,13077,4451,2947
3543402,2024,17850,13140,3857,2366
3543402,2025,16704,11706,3643,2200
3543501,2022,70,16,27,15
3543501,2023,87,26,26,18
3543501,2024,52,18,10,6
3543501,2025,68,22,12,5
3543600,2022,122,36,40,31
3543600,2023,169,70,38,33
3543600,2024,151,65,25,21
3543600,2025,138,47,33,23
3543709,2022,251,69,34,18
3543709,2023,194,50,34,27
3543709,2024,161,72,29,17
3543709,2025,124,55,31,22
3543808,2022,110,28,21,16
3543808,2023,136,36,27,20
3543808,2024,76,21,12,9
3543808,2025,98,20,18,12
3543907,2022,5087,2595,592,367
3543907,2023,4960,2507,798,455
3543907,2024,5285,2841,733,410
3543907,2025,4404,2740,514,259
3544004,2022,405,133,92,60
3544004,2023,495,156,98,69
3544004,2024,479,164,59,45
3544004,2025,506,176,67,45
3544103,2022,555,321,78,53
3544103,2023,646,378,101,49
3544103,2024,574,329,105,43
3544103,2025,766,509,130,41
3544202,2022,166,33,25,15
3544202,2023,160,35,13,8
3544202,2024,219,36,15,9
3544202,2025,180,56,13,8
3544251,2022,212,93,21,18
3544251,2023,263,100,60,52
3544251,2024,243,67,45,22
3544251,2025,269,79,57,29
3544301,2022,189,72,33,27
3544301,2023,199,87,29,18
3544301,2024,206,60,33,18
3544301,2025,173,94,38,22
3544400,2022,39,13,10,10
3544400,2023,37,5,8,4
3544400,2024,16,7,4,3
3544400,2025,28,9,9,6
3544509,2022,36,5,6,5
3544509,2023,63,23,7,6
3544509,2024,64,21,8,3
3544509,2025,52,15,8,4
3544608,2022,157,30,73,62
3544608,2023,145,23,51,40
3544608,2024,157,35,49,36
3544608,2025,98,17,35,19
3544707,2022,28,6,5,5
3544707,2023,32,11,2,1
3544707,2024,23,11,4,4
3544707,2025,21,7,3,1
3544806,2022,116,38,20,10
3544806,2023,126,48,16,11
3544806,2024,161,45,29,20
3544806,2025,129,33,28,12
3544905,2022,154,56,17,8
3544905,2023,157,63,21,14
3544905,2024,196,71,26,12
3544905,2025,181,85,12,7
3545001,2022,216,75,70,46
3545001,2023,248,104,90,61
3545001,2024,234,97,76,44
3545001,2025,208,93,80,36
3545100,2022,44,12,5,4
3545100,2023,67,25,12,5
3545100,2024,65,26,1,0
3545100,2025,61,29,5,4
3545159,2022,92,34,13,9
3545159,2023,85,18,18,12
3545159,2024,85,27,26,18
3545159,2025,117,29,21,16
3545209,2022,1404,656,272,144
3545209,2023,1660,828,396,196
3545209,2024,1640,920,379,137
3545209,2025,1670,882,352,145
3545308,2022,604,234,104,70
3545308,2023,686,263,124,75
3545308,2024,607,241,118,75
3545308,2025,601,237,202,100
3545407,2022,204,48,44,28
3545407,2023,262,67,50,34
3545407,2024,194,51,21,16
3545407,2025,164,60,28,19
3545506,2022,62,12,15,13
3545506,2023,57,12,8,6
3545506,2024,49,9,8,4
3545506,2025,67,16,16,9
3545605,2022,179,60,50,37
3545605,2023,264,114,78,67
3545605,2024,222,76,32,25
3545605,2025,203,49,23,16
3545704,2022,57,14,10,8
3545704,2023,58,16,4,2
3545704,2024,61,14,14,11
3545704,2025,68,13,23,13
3545803,2022,3251,1883,347,191
3545803,2023,3621,2310,459,242
3545803,2024,3302,2106,444,254
3545803,2025,3240,2110,471,265
3546009,2022,205,100,36,25
3546009,2023,262,100,48,31
3546009,2024,221,91,45,32
3546009,2025,170,73,49,31
3546108,2022,36,9,9,5
3546108,2023,33,10,2,2
3546108,2024,30,9,5,1
3546108,2025,42,11,9,4
3546207,2022,77,25,14,11
3546207,2023,71,25,25,14
3546207,2024,67,29,14,10
3546207,2025,76,35,8,3
3546256,2022,25,12,7,5
3546256,2023,31,11,9,4
3546256,2024,32,19,5,3
3546256,2025,41,26,4,2
3546306,2022,505,208,70,43
3546306,2023,520,243,71,47
3546306,2024,535,266,24,16
3546306,2025,439,240,46,28
3546405,2022,875,296,102,65
3546405,2023,926,322,110,71
3546405,2024,953,354,100,67
3546405,2025,919,358,87,53
3546504,2022,94,24,12,11
3546504,2023,124,38,24,19
3546504,2024,51,17,4,3
3546504,2025,48,14,12,7
3546603,2022,841,368,152,86
3546603,2023,794,358,130,80
3546603,2024,785,345,110,75
3546603,2025,677,300,93,43
3546702,2022,371,193,34,25
3546702,2023,422,220,54,32
3546702,2024,377,203,54,27
3546702,2025,326,186,35,21
3546801,2022,751,380,166,84
3546801,2023,892,487,223,97
3546801,2024,662,356,140,68
3546801,2025,767,381,180,88
3546900,2022,69,30,11,8
3546900,2023,121,56,33,22
3546900,2024,107,49,13,11
3546900,2025,76,38,15,9
3547007,2022,85,19,11,9
3547007,2023,84,22,10,7
3547007,2024,101,35,9,7
3547007,2025,73,22,12,7
3547106,2022,32,10,1,0
3547106,2023,25,3,2,2
3547106,2024,31,6,7,6
3547106,2025,34,11,4,2
3547205,2022,31,4,2,1
3547205,2023,18,7,6,3
3547205,2024,25,8,7,3
3547205,2025,23,6,1,0
3547304,2022,1826,1012,369,170
3547304,2023,2027,1226,586,288
3547304,2024,2036,1243,503,251
3547304,2025,1985,1242,470,202
3547403,2022,25,5,7,3
3547403,2023,21,0,6,6
3547403,2024,14,3,4,4
3547403,2025,16,6,5,1
3547502,2022,442,128,80,56
3547502,2023,440,160,76,41
3547502,2024,430,149,60,32
3547502,2025,370,99,67,41
3547601,2022,306,128,55,27
3547601,2023,379,177,63,44
3547601,2024,352,171,74,45
3547601,2025,343,153,52,32
3547650,2022,30,11,7,4
3547650,2023,21,13,4,2
3547650,2024,14,5,2,0
3547650,2025,19,4,3,2
3547700,2022,149,62,10,8
3547700,2023,188,80,13,9
3547700,2024,223,102,20,15
3547700,2025,242,99,27,20
3547809,2022,26118,20137,3326,1423
3547809,2023,25515,20148,5335,2045
3547809,2024,24260,19130,5191,2219
3547809,2025,22250,17699,4126,1767
3547908,2022,138,33,23,21
3547908,2023,159,48,24,18
3547908,2024,137,45,19,12
3547908,2025,115,42,20,17
3548005,2022,366,183,108,55
3548005,2023,408,176,143,72
3548005,2024,422,198,132,63
3548005,2025,376,170,70,24
3548054,2022,122,44,35,21
3548054,2023,102,19,37,25
3548054,2024,124,29,52,33
3548054,2025,155,32,56,35
3548104,2022,81,23,8,3
3548104,2023,110,43,8,4
3548104,2024,82,26,7,4
3548104,2025,57,27,4,3
3548203,2022,108,40,30,17
3548203,2023,121,55,37,27
3548203,2024,122,58,32,16
3548203,2025,98,43,33,25
3548302,2022,59,18,32,17
3548302,2023,46,12,30,18
3548302,2024,43,11,25,12
3548302,2025,48,14,26,8
3548401,2022,61,18,12,7
3548401,2023,57,15,12,8
3548401,2024,64,29,19,16
3548401,2025,58,19,17,12
3548500,2022,11191,7955,1828,986
3548500,2023,13052,9357,3390,1583
3548500,2024,11314,8094,2756,1189
3548500,2025,11168,8005,2374,1096
3548609,2022,102,33,31,15
3548609,2023,127,53,46,32
3548609,2024,91,41,27,10
3548609,2025,94,38,32,20
3548708,2022,23015,16935,3481,1592
3548708,2023,20970,15974,4813,2050
3548708,2024,19620,14921,4469,1801
3548708,2025,19126,14465,3904,1580
3548807,2022,4120,2647,550,308
3548807,2023,4097,2759,886,453
3548807,2024,3755,2492,904,405
3548807,2025,3382,2293,860,317
3548906,2022,6004,3004,1488,1018
3548906,2023,5649,3081,1651,1119
3548906,2024,5331,2920,1518,930
3548906,2025,4984,2664,1172,785
3549003,2022,29,15,11,10
3549003,2023,35,13,7,6
3549003,2024,28,12,9,4
3549003,2025,27,10,9,1
3549102,2022,1660,745,199,124
3549102,2023,1794,823,218,135
3549102,2024,1863,928,226,126
3549102,2025,1761,865,221,119
3549201,2022,36,12,5,1
3549201,2023,21,9,2,2
3549201,2024,24,4,1,0
3549201,2025,27,6,2,1
3549250,2022,13,4,7,5
3549250,2023,14,3,8,2
3549250,2024,16,6,6,6
3549250,2025,33,2,6,5
3549300,2022,12,2,7,5
3549300,2023,15,5,7,4
3549300,2024,16,3,9,7
3549300,2025,9,4,2,1
3549409,2022,966,369,174,126
3549409,2023,1139,501,152,97
3549409,2024,1382,832,142,77
3549409,2025,1644,1129,149,97
3549508,2022,136,49,42,35
3549508,2023,169,67,47,34
3549508,2024,169,46,40,31
3549508,2025,185,58,38,27
3549607,2022,35,9,10,5
3549607,2023,49,8,5,5
3549607,2024,65,12,17,12
3549607,2025,54,20,8,5
3549706,2022,904,362,151,103
3549706,2023,906,351,147,102
3549706,2024,780,324,135,90
3549706,2025,824,522,130,87
3549805,2022,14180,8148,2540,1485
3549805,2023,14016,8147,2781,1637
3549805,2024,13389,7324,2844,1616
3549805,2025,13532,7155,2965,1593
3549904,2022,11747,7435,1709,1004
3549904,2023,12670,8222,2861,1569
3549904,2024,11138,7107,2479,1341
3549904,2025,10930,7000,2509,1377
3549953,2022,299,160,38,21
3549953,2023,401,199,75,63
3549953,2024,338,174,67,50
3549953,2025,278,174,85,43
3550001,2022,110,43,11,8
3550001,2023,130,40,21,11
3550001,2024,136,38,30,19
3550001,2025,115,28,15,5
3550100,2022,768,226,211,114
3550100,2023,672,235,217,116
3550100,2024,743,240,162,92
3550100,2025,731,321,100,59
3550209,2022,386,123,94,64
3550209,2023,470,192,85,42
3550209,2024,319,138,80,44
3550209,2025,421,212,99,69
3550308,2022,487152,364022,90699,42080
3550308,2023,501552,377008,165436,75594
3550308,2024,476988,358376,155259,69988
3550308,2025,468052,351100,151144,67236
3550407,2022,521,173,129,86
3550407,2023,535,244,129,60
3550407,2024,538,224,113,61
3550407,2025,708,319,91,51
3550506,2022,108,31,15,11
3550506,2023,133,30,14,11
3550506,2024,141,25,16,12
3550506,2025,116,25,30,5
3550605,2022,1177,579,219,103
3550605,2023,1307,683,295,149
3550605,2024,1374,744,329,179
3550605,2025,1293,635,299,173
3550704,2022,1949,976,424,221
3550704,2023,1856,1016,463,248
3550704,2024,1928,1028,470,234
3550704,2025,2109,1114,609,275
3550803,2022,131,55,14,11
3550803,2023,135,47,14,11
3550803,2024,105,22,30,20
3550803,2025,98,27,23,11
3550902,2022,263,124,32,20
3550902,2023,280,147,31,23
3550902,2024,255,116,19,13
3550902,2025,257,102,54,33
3551009,2022,8818,6609,1343,673
3551009,2023,10446,8036,2502,1001
3551009,2024,9676,7322,2413,938
3551009,2025,9655,7491,2309,874
3551108,2022,148,42,46,25
3551108,2023,148,51,29,19
3551108,2024,203,55,61,36
3551108,2025,181,58,34,25
3551207,2022,55,12,18,7
3551207,2023,95,37,29,16
3551207,2024,64,22,13,5
3551207,2025,53,22,13,6
3551306,2022,31,2,5,3
3551306,2023,41,9,9,5
3551306,2024,23,9,5,3
3551306,2025,38,13,6,5
3551405,2022,204,67,30,21
3551405,2023,193,54,25,14
3551405,2024,229,52,34,27
3551405,2025,202,72,20,12
3551504,2022,735,368,109,79
3551504,2023,750,405,91,66
3551504,2024,742,404,103,70
3551504,2025,646,330,90,60
3551603,2022,351,124,84,46
3551603,2023,509,196,99,56
3551603,2024,508,175,120,50
3551603,2025,419,161,120,46
3551702,2022,2018,1188,361,217
3551702,2023,2070,1152,370,231
3551702,2024,2246,1343,279,168
3551702,2025,2267,1363,291,169
3551801,2022,256,62,48,34
3551801,2023,213,63,24,11
3551801,2024,224,73,38,23
3551801,2025,176,53,48,19
3551900,2022,183,71,49,42
3551900,2023,182,75,40,30
3551900,2024,213,91,49,39
3551900,2025,205,86,41,26
3552007,2022,56,19,13,8
3552007,2023,67,30,17,13
3552007,2024,50,24,12,8
3552007,2025,71,23,26,20
3552106,2022,423,185,157,59
3552106,2023,464,233,159,71
3552106,2024,535,209,193,92
3552106,2025,499,226,112,44
3552205,2022,15212,8176,2042,1149
3552205,2023,16944,10222,3589,1894
3552205,2024,16363,9687,3688,1927
3552205,2025,16807,8954,3356,1816
3552304,2022,107,37,28,20
3552304,2023,111,40,25,19
3552304,2024,125,30,31,26
3552304,2025,114,39,30,20
3552403,2022,5667,3539,801,387
3552403,2023,6095,3672,962,429
3552403,2024,5787,3524,964,396
3552403,2025,5693,3610,954,397
3552502,2022,7656,5235,1040,465
3552502,2023,7756,5407,1624,652
3552502,2024,7338,5210,1644,737
3552502,2025,6935,4934,1558,690
3552551,2022,52,22,7,4
3552551,2023,51,20,7,3
3552551,2024,59,17,6,2
3552551,2025,46,20,7,4
3552601,2022,176,51,32,26
3552601,2023,147,37,30,24
3552601,2024,150,51,21,12
3552601,2025,121,36,24,15
3552700,2022,300,54,58,52
3552700,2023,248,55,34,25
3552700,2024,238,69,46,25
3552700,2025,307,75,95,49
3552809,2022,5569,3917,737,392
3552809,2023,6332,4589,1245,647
3552809,2024,6510,4816,1323,747
3552809,2025,6219,4547,1187,658
3552908,2022,66,12,25,16
3552908,2023,70,16,23,11
3552908,2024,70,9,8,5
3552908,2025,75,12,17,8
3553005,2022,184,71,40,24
3553005,2023,138,44,29,22
3553005,2024,205,69,44,27
3553005,2025,168,49,27,20
3553104,2022,119,21,36,18
3553104,2023,74,21,16,9
3553104,2024,110,27,15,7
3553104,2025,62,21,9,6
3553203,2022,99,21,8,5
3553203,2023,101,36,16,11
3553203,2024,81,23,10,6
3553203,2025,92,24,7,7
3553302,2022,391,152,41,35
3553302,2023,403,134,29,18
3553302,2024,434,153,36,23
3553302,2025,360,147,37,23
3553401,2022,721,194,123,77
3553401,2023,595,188,117,46
3553401,2024,593,179,81,44
3553401,2025,453,141,63,34
3553500,2022,126,31,26,15
3553500,2023,98,22,11,7
3553500,2024,94,21,14,6
3553500,2025,109,25,16,12
3553609,2022,133,37,42,31
3553609,2023,175,63,30,18
3553609,2024,147,53,15,12
3553609,2025,113,45,4,2
3553658,2022,44,17,7,7
3553658,2023,61,22,14,10
3553658,2024,37,10,3,3
3553658,2025,42,12,7,5
3553708,2022,1122,393,243,166
3553708,2023,1085,356,220,138
3553708,2024,1164,499,232,143
3553708,2025,1052,463,228,130
3553807,2022,455,143,106,80
3553807,2023,396,120,106,75
3553807,2024,401,125,91,57
3553807,2025,434,157,78,42
3553856,2022,66,21,24,13
3553856,2023,73,23,23,10
3553856,2024,81,26,25,11
3553856,2025,85,34,31,16
3553906,2022,115,21,19,18
3553906,2023,87,21,13,9
3553906,2024,91,24,6,1
3553906,2025,87,18,10,7
3553955,2022,202,65,35,21
3553955,2023,205,67,18,11
3553955,2024,202,60,27,15
3553955,2025,153,50,25,16
3554003,2022,1965,1121,228,129
3554003,2023,1729,1002,252,129
3554003,2024,2019,1127,313,181
3554003,2025,2110,1176,383,220
3554102,2022,6188,3481,1011,564
3554102,2023,6417,4102,1465,815
3554102,2024,6188,3932,1325,756
3554102,2025,6193,4097,1216,689
3554201,2022,56,15,6,3
3554201,2023,55,18,13,6
3554201,2024,44,10,8,4
3554201,2025,49,10,6,5
3554300,2022,386,124,191,123
3554300,2023,399,134,69,53
3554300,2024,393,143,78,40
3554300,2025,399,115,103,57
3554409,2022,128,36,26,17
3554409,2023,110,33,12,7
3554409,2024,98,35,17,11
3554409,2025,76,21,11,5
3554508,2022,581,188,120,76
3554508,2023,491,201,104,62
3554508,2024,479,200,94,50
3554508,2025,497,230,104,52
3554607,2022,32,14,4,3
3554607,2023,18,6,2,1
3554607,2024,30,11,5,2
3554607,2025,29,11,5,2
3554656,2022,17,7,5,3
3554656,2023,19,7,2,1
3554656,2024,11,2,1,1
3554656,2025,28,8,7,6
3554706,2022,131,30,33,22
3554706,2023,128,40,27,15
3554706,2024,163,64,38,28
3554706,2025,147,54,23,15
3554755,2022,37,11,0,0
3554755,2023,35,10,3,1
3554755,2024,38,17,8,6
3554755,2025,25,5,6,0
3554805,2022,565,235,89,50
3554805,2023,716,322,138,76
3554805,2024,800,319,107,47
3554805,2025,780,316,117,59
3554904,2022,113,38,16,8
3554904,2023,121,42,16,8
3554904,2024,108,23,15,10
3554904,2025,137,46,7,5
3554953,2022,118,26,50,46
3554953,2023,136,32,37,28
3554953,2024,102,31,40,28
3554953,2025,123,61,35,29
3555000,2022,1497,635,229,130
3555000,2023,1570,664,230,124
3555000,2024,1385,634,190,102
3555000,2025,1287,649,152,74
3555109,2022,174,48,9,7
3555109,2023,203,81,11,5
3555109,2024,201,64,21,14
3555109,2025,197,63,17,11
3555208,2022,34,10,4,3
3555208,2023,30,5,7,4
3555208,2024,33,9,6,4
3555208,2025,27,5,8,5
3555307,2022,16,4,0,0
3555307,2023,19,4,1,1
3555307,2024,29,7,1,1
3555307,2025,28,8,7,4
3555356,2022,134,27,29,25
3555356,2023,88,25,18,14
3555356,2024,116,25,29,17
3555356,2025,105,29,24,10
3555406,2022,2842,1598,729,389
3555406,2023,2771,1650,959,477
3555406,2024,2431,1420,691,311
3555406,2025,2751,1634,938,377
3555505,2022,73,13,18,9
3555505,2023,73,19,22,13
3555505,2024,96,39,24,15
3555505,2025,82,29,31,16
3555604,2022,144,48,32,17
3555604,2023,131,67,26,11
3555604,2024,125,52,20,13
3555604,2025,112,34,21,14
3555703,2022,17,2,2,1
3555703,2023,17,7,2,1
3555703,2024,21,7,3,2
3555703,2025,21,6,4,2
3555802,2022,135,42,20,13
3555802,2023,123,42,13,4
3555802,2024,146,54,27,10
3555802,2025,147,48,22,11
3555901,2022,18,8,2,2
3555901,2023,22,7,7,3
3555901,2024,31,9,3,0
3555901,2025,17,5,4,1
3556008,2022,197,58,67,33
3556008,2023,196,53,56,20
3556008,2024,209,75,66,30
3556008,2025,216,76,43,23
3556107,2022,234,63,63,44
3556107,2023,184,53,37,20
3556107,2024,216,65,26,13
3556107,2025,207,83,24,13
3556206,2022,1803,1086,314,159
3556206,2023,2046,1179,456,220
3556206,2024,1920,1089,414,208
3556206,2025,1957,1057,425,172
3556305,2022,344,119,70,40
3556305,2023,371,85,57,45
3556305,2024,363,126,66,32
3556305,2025,289,92,36,20
3556354,2022,175,71,28,16
3556354,2023,163,61,30,26
3556354,2024,158,56,23,17
3556354,2025,185,84,29,16
3556404,2022,852,314,136,101
3556404,2023,732,287,78,51
3556404,2024,714,276,108,76
3556404,2025,701,295,113,71
3556453,2022,799,423,127,67
3556453,2023,815,438,189,116
3556453,2024,774,434,234,112
3556453,2025,776,454,191,109
3556503,2022,1982,1146,317,133
3556503,2023,1936,1128,352,149
3556503,2024,1957,1156,357,155
3556503,2025,1940,1170,324,143
3556602,2022,284,185,80,41
3556602,2023,166,56,39,26
3556602,2024,138,37,38,22
3556602,2025,148,53,30,18
3556701,2022,1084,535,264,126
3556701,2023,1282,716,354,153
3556701,2024,1241,662,376,165
3556701,2025,1257,684,395,182
3556800,2022,247,84,50,36
3556800,2023,245,74,48,30
3556800,2024,233,81,31,26
3556800,2025,232,111,20,14
3556909,2022,101,23,11,6
3556909,2023,75,24,11,7
3556909,2024,44,15,8,6
3556909,2025,55,24,5,5
3556958,2022,27,6,5,4
3556958,2023,21,7,0,0
3556958,2024,26,12,1,1
3556958,2025,25,6,6,5
3557006,2022,1838,802,259,164
3557006,2023,1906,1035,493,270
3557006,2024,1737,897,325,175
3557006,2025,1803,824,294,188
3557105,2022,2659,1171,419,271
3557105,2023,2595,1292,434,289
3557105,2024,2453,1192,309,178
3557105,2025,2110,1169,262,130
3557154,2022,43,10,6,2
3557154,2023,49,15,12,7
3557154,2024,31,10,2,2
3557154,2025,31,10,10,3
3557204,2022,213,67,34,17
3557204,2023,198,49,48,24
3557204,2024,200,61,45,30
3557204,2025,237,77,55,30
3557303,2022,245,105,31,24
3557303,2023,227,102,20,13
3557303,2024,226,105,13,6
3557303,2025,272,132,21,9
